mean_fit_time,std_fit_time,mean_score_time,std_score_time,param_colsample_bytree,param_learning_rate,param_max_depth,param_min_child_weight,param_n_estimators,param_subsample,params,split0_test_score,split1_test_score,split2_test_score,mean_test_score,std_test_score,rank_test_score
5.72213077545166,0.15735282975496673,0.41260067621866864,0.02979584363473598,0.8,0.05,5,10,1000,0.8,"{'colsample_bytree': 0.8, 'learning_rate': 0.05, 'max_depth': 5, 'min_child_weight': 10, 'n_estimators': 1000, 'subsample': 0.8}",-0.1689142882823944,-0.1717269867658615,-0.16841982305049896,-0.16968703269958496,0.0014565217496435422,1
6.243550062179565,0.5280086483579752,0.40075111389160156,0.00829741363261737,0.7,0.05,5,10,1000,0.8,"{'colsample_bytree': 0.7, 'learning_rate': 0.05, 'max_depth': 5, 'min_child_weight': 10, 'n_estimators': 1000, 'subsample': 0.8}",-0.16895967721939087,-0.17170409858226776,-0.16870729625225067,-0.1697903573513031,0.0013571362403886247,2
5.656355857849121,0.3723735971103778,0.3597686290740967,0.019024881004576926,0.8,0.05,5,10,1000,0.7,"{'colsample_bytree': 0.8, 'learning_rate': 0.05, 'max_depth': 5, 'min_child_weight': 10, 'n_estimators': 1000, 'subsample': 0.7}",-0.16906343400478363,-0.17219941318035126,-0.169188991189003,-0.1701506127913793,0.001449627176671305,3
7.14565110206604,0.5085871722431258,0.45694462458292645,0.044869359373593966,0.7,0.05,5,10,1000,0.7,"{'colsample_bytree': 0.7, 'learning_rate': 0.05, 'max_depth': 5, 'min_child_weight': 10, 'n_estimators': 1000, 'subsample': 0.7}",-0.16964752972126007,-0.1723906397819519,-0.16891951858997345,-0.17031922936439514,0.0014945581042103645,4
6.163076639175415,0.28188554983585556,0.42118072509765625,0.019796751082030713,0.7,0.05,5,20,1000,0.8,"{'colsample_bytree': 0.7, 'learning_rate': 0.05, 'max_depth': 5, 'min_child_weight': 20, 'n_estimators': 1000, 'subsample': 0.8}",-0.1697569340467453,-0.17256872355937958,-0.1692403107881546,-0.17052198946475983,0.0014625469196777737,5
6.1899590492248535,0.14617399648489227,0.412567933400472,0.018267614572325692,0.8,0.05,5,20,1000,0.8,"{'colsample_bytree': 0.8, 'learning_rate': 0.05, 'max_depth': 5, 'min_child_weight': 20, 'n_estimators': 1000, 'subsample': 0.8}",-0.16969729959964752,-0.17265869677066803,-0.16957612335681915,-0.1706440399090449,0.0014254362193191633,6
7.352616469065349,0.36407325541961916,0.4611448446909587,0.027111636024117404,0.8,0.05,5,20,1000,0.7,"{'colsample_bytree': 0.8, 'learning_rate': 0.05, 'max_depth': 5, 'min_child_weight': 20, 'n_estimators': 1000, 'subsample': 0.7}",-0.17012827098369598,-0.17345544695854187,-0.1701183319091797,-0.1712340166171392,0.0015707936990746456,7
6.817175626754761,0.45090425668903894,0.45915770530700684,0.05809317095045583,0.7,0.05,5,20,1000,0.7,"{'colsample_bytree': 0.7, 'learning_rate': 0.05, 'max_depth': 5, 'min_child_weight': 20, 'n_estimators': 1000, 'subsample': 0.7}",-0.17063842713832855,-0.1733344942331314,-0.17025253176689148,-0.17140848437945047,0.0013709763617658676,8
5.948437452316284,0.02715698077297141,0.4147019386291504,0.05481082604279474,0.8,0.05,5,30,1000,0.8,"{'colsample_bytree': 0.8, 'learning_rate': 0.05, 'max_depth': 5, 'min_child_weight': 30, 'n_estimators': 1000, 'subsample': 0.8}",-0.17049190402030945,-0.17357192933559418,-0.1703185886144638,-0.1714608073234558,0.0014944646020291503,9
6.485178391138713,0.1772964205672408,0.4279378255208333,0.034258214942804024,0.7,0.05,5,30,1000,0.8,"{'colsample_bytree': 0.7, 'learning_rate': 0.05, 'max_depth': 5, 'min_child_weight': 30, 'n_estimators': 1000, 'subsample': 0.8}",-0.17055648565292358,-0.1737167090177536,-0.17056240141391754,-0.17161186536153158,0.0014883511821051313,10
5.763998190561931,0.3876966929311401,0.39352210362752277,0.041489218280148246,0.8,0.05,5,30,1000,0.7,"{'colsample_bytree': 0.8, 'learning_rate': 0.05, 'max_depth': 5, 'min_child_weight': 30, 'n_estimators': 1000, 'subsample': 0.7}",-0.17103812098503113,-0.1738414317369461,-0.17101667821407318,-0.17196541031201681,0.0013265763549332324,11
6.946405331293742,0.36392927809726666,0.5453166166941324,0.10610607742834073,0.7,0.05,5,30,1000,0.7,"{'colsample_bytree': 0.7, 'learning_rate': 0.05, 'max_depth': 5, 'min_child_weight': 30, 'n_estimators': 1000, 'subsample': 0.7}",-0.1711326539516449,-0.1740408092737198,-0.17112620174884796,-0.17209988832473755,0.001372440892565461,12
3.8632821242014566,0.22984331126393245,0.28822628657023114,0.05935585011864359,0.8,0.05,5,10,700,0.8,"{'colsample_bytree': 0.8, 'learning_rate': 0.05, 'max_depth': 5, 'min_child_weight': 10, 'n_estimators': 700, 'subsample': 0.8}",-0.1720733493566513,-0.17463618516921997,-0.17173148691654205,-0.17281367381413779,0.0012962454015455597,13
4.678628126780192,0.1901270306614759,0.3026367823282878,0.0013276905722978511,0.7,0.05,5,10,700,0.8,"{'colsample_bytree': 0.7, 'learning_rate': 0.05, 'max_depth': 5, 'min_child_weight': 10, 'n_estimators': 700, 'subsample': 0.8}",-0.1720246970653534,-0.1747598648071289,-0.17171277105808258,-0.1728324443101883,0.0013688284011087917,14
3.92679754892985,0.14218791732268968,0.2666763464609782,0.03550433006683532,0.8,0.05,5,10,700,0.7,"{'colsample_bytree': 0.8, 'learning_rate': 0.05, 'max_depth': 5, 'min_child_weight': 10, 'n_estimators': 700, 'subsample': 0.7}",-0.17207659780979156,-0.1750158667564392,-0.17221085727214813,-0.17310110727945963,0.0013550484104071425,15
4.714353640874227,0.10155381340493845,0.3154999415079753,0.002449045689512874,0.7,0.05,5,10,700,0.7,"{'colsample_bytree': 0.7, 'learning_rate': 0.05, 'max_depth': 5, 'min_child_weight': 10, 'n_estimators': 700, 'subsample': 0.7}",-0.17264781892299652,-0.17491403222084045,-0.17218513786792755,-0.17324899633725485,0.0011924140248254723,16
4.851466019948323,0.416213877446933,0.29327932993570965,0.020568545571432815,0.7,0.05,5,20,700,0.8,"{'colsample_bytree': 0.7, 'learning_rate': 0.05, 'max_depth': 5, 'min_child_weight': 20, 'n_estimators': 700, 'subsample': 0.8}",-0.1727217137813568,-0.17523731291294098,-0.17201873660087585,-0.1733259210983912,0.0013816917723368741,17
4.676689863204956,0.15934367464479976,0.31869928042093915,0.025751181141420942,0.8,0.05,5,20,700,0.8,"{'colsample_bytree': 0.8, 'learning_rate': 0.05, 'max_depth': 5, 'min_child_weight': 20, 'n_estimators': 700, 'subsample': 0.8}",-0.17252349853515625,-0.17543737590312958,-0.1723838746547699,-0.17344824969768524,0.0014076791781469176,18
4.074928681055705,0.31719569259047425,0.2531534830729167,0.011734507325229036,0.8,0.05,5,20,700,0.7,"{'colsample_bytree': 0.8, 'learning_rate': 0.05, 'max_depth': 5, 'min_child_weight': 20, 'n_estimators': 700, 'subsample': 0.7}",-0.17307111620903015,-0.17575041949748993,-0.1727209985256195,-0.1738475114107132,0.0013531297026029262,19
5.765946626663208,0.029321348542727162,0.4281175931294759,0.03521409557704797,0.8,0.03,5,10,1000,0.8,"{'colsample_bytree': 0.8, 'learning_rate': 0.03, 'max_depth': 5, 'min_child_weight': 10, 'n_estimators': 1000, 'subsample': 0.8}",-0.1728057861328125,-0.17581145465373993,-0.17305982112884521,-0.17389235397179922,0.001360966327129691,20
5.116857051849365,0.16681581179814836,0.2895178000132243,0.016700675197035435,0.7,0.05,5,20,700,0.7,"{'colsample_bytree': 0.7, 'learning_rate': 0.05, 'max_depth': 5, 'min_child_weight': 20, 'n_estimators': 700, 'subsample': 0.7}",-0.17327149212360382,-0.17567667365074158,-0.17286962270736694,-0.17393926282723746,0.0012394412811555097,21
8.696971734364828,2.077848893840947,0.45369593302408856,0.016441815242763034,0.7,0.03,5,10,1000,0.8,"{'colsample_bytree': 0.7, 'learning_rate': 0.03, 'max_depth': 5, 'min_child_weight': 10, 'n_estimators': 1000, 'subsample': 0.8}",-0.17303206026554108,-0.1758566051721573,-0.17306965589523315,-0.17398610711097717,0.0013227309138046967,22
4.593559741973877,0.2542184968119045,0.32414714495340985,0.030340240349755274,0.8,0.05,5,30,700,0.8,"{'colsample_bytree': 0.8, 'learning_rate': 0.05, 'max_depth': 5, 'min_child_weight': 30, 'n_estimators': 700, 'subsample': 0.8}",-0.17312610149383545,-0.17594997584819794,-0.17307861149311066,-0.174051562945048,0.001342520636260215,23
4.9903724193573,0.22748057944623715,0.34438419342041016,0.03053275900556398,0.7,0.05,5,30,700,0.8,"{'colsample_bytree': 0.7, 'learning_rate': 0.05, 'max_depth': 5, 'min_child_weight': 30, 'n_estimators': 700, 'subsample': 0.8}",-0.1731245070695877,-0.17600126564502716,-0.1730756312608719,-0.17406713465849558,0.0013677826864346568,24
6.816315491994222,0.15893249148054536,0.4070306619008382,0.01887960399332654,0.8,0.03,5,10,1000,0.7,"{'colsample_bytree': 0.8, 'learning_rate': 0.03, 'max_depth': 5, 'min_child_weight': 10, 'n_estimators': 1000, 'subsample': 0.7}",-0.17341196537017822,-0.1760915070772171,-0.17341405153274536,-0.17430584132671356,0.00126265664834364,25
7.037658055623372,0.14914919959800768,0.475360631942749,0.026516159103225464,0.7,0.03,5,10,1000,0.7,"{'colsample_bytree': 0.7, 'learning_rate': 0.03, 'max_depth': 5, 'min_child_weight': 10, 'n_estimators': 1000, 'subsample': 0.7}",-0.17348988354206085,-0.1761087030172348,-0.173361137509346,-0.17431990802288055,0.001265960645545525,26
4.96533187230428,0.060563263896916776,0.32717617352803546,0.016211536320581466,0.8,0.05,5,30,700,0.7,"{'colsample_bytree': 0.8, 'learning_rate': 0.05, 'max_depth': 5, 'min_child_weight': 30, 'n_estimators': 700, 'subsample': 0.7}",-0.1736266016960144,-0.17604757845401764,-0.17342554032802582,-0.17436657349268594,0.0011914807813363075,27
6.518940289815267,0.35663142890446126,0.4749935468037923,0.03721905994999782,0.8,0.03,5,20,1000,0.8,"{'colsample_bytree': 0.8, 'learning_rate': 0.03, 'max_depth': 5, 'min_child_weight': 20, 'n_estimators': 1000, 'subsample': 0.8}",-0.1734340786933899,-0.17637209594249725,-0.1736130267381668,-0.17447306712468466,0.0013448019529146082,28
4.799503644307454,0.0670737781438042,0.30434203147888184,0.007441476190362991,0.7,0.05,5,30,700,0.7,"{'colsample_bytree': 0.7, 'learning_rate': 0.05, 'max_depth': 5, 'min_child_weight': 30, 'n_estimators': 700, 'subsample': 0.7}",-0.17374886572360992,-0.17621852457523346,-0.17348261177539825,-0.17448333402474722,0.001231770399630047,29
4.973593552907308,0.23640102424671483,0.3328041235605876,0.016035293673633384,0.8,0.05,4,10,1000,0.8,"{'colsample_bytree': 0.8, 'learning_rate': 0.05, 'max_depth': 4, 'min_child_weight': 10, 'n_estimators': 1000, 'subsample': 0.8}",-0.17350423336029053,-0.1765056848526001,-0.17348265647888184,-0.17449752489725748,0.0014200108438867777,30
5.999066273371379,0.25602224110626465,0.4294554392496745,0.040869517997915786,0.7,0.03,5,20,1000,0.8,"{'colsample_bytree': 0.7, 'learning_rate': 0.03, 'max_depth': 5, 'min_child_weight': 20, 'n_estimators': 1000, 'subsample': 0.8}",-0.17357395589351654,-0.17652608454227448,-0.17341019213199615,-0.17450341085592905,0.0014318080116813728,31
5.659635146458943,0.28434502344923934,0.4267069498697917,0.04812216147434139,0.7,0.05,4,10,1000,0.8,"{'colsample_bytree': 0.7, 'learning_rate': 0.05, 'max_depth': 4, 'min_child_weight': 10, 'n_estimators': 1000, 'subsample': 0.8}",-0.17375127971172333,-0.17652834951877594,-0.1739710122346878,-0.17475021382172903,0.0012605278030112291,32
6.726404110590617,0.4233288985749795,0.463550329208374,0.01054107777169714,0.8,0.03,5,30,1000,0.8,"{'colsample_bytree': 0.8, 'learning_rate': 0.03, 'max_depth': 5, 'min_child_weight': 30, 'n_estimators': 1000, 'subsample': 0.8}",-0.1738004982471466,-0.17685824632644653,-0.17392787337303162,-0.17486220598220825,0.0014123712678904491,33
4.759714603424072,0.23834928969170913,0.30881603558858234,0.005351217662612754,0.8,0.05,4,20,1000,0.8,"{'colsample_bytree': 0.8, 'learning_rate': 0.05, 'max_depth': 4, 'min_child_weight': 20, 'n_estimators': 1000, 'subsample': 0.8}",-0.17373178899288177,-0.17691442370414734,-0.1740104705095291,-0.17488556106885275,0.0014391267124199815,34
7.359206597010295,0.12119527221639546,0.5457204182942709,0.04937228199426452,0.8,0.03,5,20,1000,0.7,"{'colsample_bytree': 0.8, 'learning_rate': 0.03, 'max_depth': 5, 'min_child_weight': 20, 'n_estimators': 1000, 'subsample': 0.7}",-0.17403316497802734,-0.17662638425827026,-0.17402532696723938,-0.17489495873451233,0.0012243069105535062,35
6.629803816477458,0.44239829251676005,0.4405380090077718,0.044068093431836534,0.7,0.03,5,20,1000,0.7,"{'colsample_bytree': 0.7, 'learning_rate': 0.03, 'max_depth': 5, 'min_child_weight': 20, 'n_estimators': 1000, 'subsample': 0.7}",-0.17405255138874054,-0.1767110973596573,-0.17412497103214264,-0.17496287326018015,0.0012365346140679049,36
6.219553788503011,0.3400590083364154,0.4267412026723226,0.03890511968569485,0.7,0.03,5,30,1000,0.8,"{'colsample_bytree': 0.7, 'learning_rate': 0.03, 'max_depth': 5, 'min_child_weight': 30, 'n_estimators': 1000, 'subsample': 0.8}",-0.17408190667629242,-0.1768387258052826,-0.17403943836688995,-0.17498669028282166,0.0013097016382033339,37
5.969806830088298,0.31826150582008333,0.346286137898763,0.006185887265208998,0.8,0.05,4,10,1000,0.7,"{'colsample_bytree': 0.8, 'learning_rate': 0.05, 'max_depth': 4, 'min_child_weight': 10, 'n_estimators': 1000, 'subsample': 0.7}",-0.17406326532363892,-0.1768578439950943,-0.17423255741596222,-0.17505122224489847,0.0012793426865233722,38
5.652364015579224,0.03682569352673918,0.3923519452412923,0.016875698454179657,0.7,0.05,4,20,1000,0.8,"{'colsample_bytree': 0.7, 'learning_rate': 0.05, 'max_depth': 4, 'min_child_weight': 20, 'n_estimators': 1000, 'subsample': 0.8}",-0.17422150075435638,-0.17702257633209229,-0.17422080039978027,-0.17515495916207632,0.0013206047965302315,39
7.877813180287679,0.02713510789368688,0.4796202977498372,0.06506279670230222,0.8,0.03,5,30,1000,0.7,"{'colsample_bytree': 0.8, 'learning_rate': 0.03, 'max_depth': 5, 'min_child_weight': 30, 'n_estimators': 1000, 'subsample': 0.7}",-0.17422232031822205,-0.17702290415763855,-0.17440897226333618,-0.17521806557973227,0.0012784864635909197,40
5.9364495277404785,0.21900473250252636,0.34194691975911456,0.0033288834774427194,0.7,0.05,4,10,1000,0.7,"{'colsample_bytree': 0.7, 'learning_rate': 0.05, 'max_depth': 4, 'min_child_weight': 10, 'n_estimators': 1000, 'subsample': 0.7}",-0.17437055706977844,-0.17701855301856995,-0.17426587641239166,-0.17521832883358002,0.001273667891609301,41
4.8342814445495605,0.15610010139002675,0.33194708824157715,0.0279620929011158,0.8,0.05,4,30,1000,0.8,"{'colsample_bytree': 0.8, 'learning_rate': 0.05, 'max_depth': 4, 'min_child_weight': 30, 'n_estimators': 1000, 'subsample': 0.8}",-0.17425234615802765,-0.17731115221977234,-0.17428182065486908,-0.17528177301088968,0.001435038249565702,42
6.870532353719075,0.3601480446502869,0.411882479985555,0.01553603848820693,0.7,0.03,5,30,1000,0.7,"{'colsample_bytree': 0.7, 'learning_rate': 0.03, 'max_depth': 5, 'min_child_weight': 30, 'n_estimators': 1000, 'subsample': 0.7}",-0.17436349391937256,-0.17713630199432373,-0.17460142076015472,-0.175367072224617,0.0012547995268577187,43
5.729061444600423,0.2661093450509873,0.37456321716308594,0.03648272608057553,0.8,0.05,4,20,1000,0.7,"{'colsample_bytree': 0.8, 'learning_rate': 0.05, 'max_depth': 4, 'min_child_weight': 20, 'n_estimators': 1000, 'subsample': 0.7}",-0.1742488592863083,-0.17726276814937592,-0.17466261982917786,-0.175391415754954,0.0013339838291849344,44
6.298137664794922,0.18450297447416805,0.3766138553619385,0.012954429316922913,0.7,0.05,4,30,1000,0.8,"{'colsample_bytree': 0.7, 'learning_rate': 0.05, 'max_depth': 4, 'min_child_weight': 30, 'n_estimators': 1000, 'subsample': 0.8}",-0.1744219958782196,-0.17738358676433563,-0.17458143830299377,-0.175462340315183,0.0013600849018819022,45
5.885112365086873,0.24600350383685354,0.3947877883911133,0.04760259601392818,0.7,0.05,4,20,1000,0.7,"{'colsample_bytree': 0.7, 'learning_rate': 0.05, 'max_depth': 4, 'min_child_weight': 20, 'n_estimators': 1000, 'subsample': 0.7}",-0.17466560006141663,-0.1774490922689438,-0.17465566098690033,-0.17559011777242026,0.0013144997350942472,46
5.5654811064402265,0.30966621101325065,0.3335875670115153,0.02511679958411209,0.8,0.05,4,30,1000,0.7,"{'colsample_bytree': 0.8, 'learning_rate': 0.05, 'max_depth': 4, 'min_child_weight': 30, 'n_estimators': 1000, 'subsample': 0.7}",-0.17462338507175446,-0.17754463851451874,-0.17491480708122253,-0.17569427688916525,0.0013138011786000257,47
6.10767126083374,0.24969852507760157,0.3729911645253499,0.012960332358764924,0.7,0.05,4,30,1000,0.7,"{'colsample_bytree': 0.7, 'learning_rate': 0.05, 'max_depth': 4, 'min_child_weight': 30, 'n_estimators': 1000, 'subsample': 0.7}",-0.1749870628118515,-0.17761369049549103,-0.17495594918727875,-0.17585223416487375,0.0012456024828470902,48
4.111372152964274,0.08521305047687595,0.26743578910827637,0.012133057541908894,0.8,0.03,5,10,700,0.8,"{'colsample_bytree': 0.8, 'learning_rate': 0.03, 'max_depth': 5, 'min_child_weight': 10, 'n_estimators': 700, 'subsample': 0.8}",-0.17548410594463348,-0.1782156527042389,-0.17581655085086823,-0.17650543649991354,0.0012168975588419191,49
4.750642379124959,0.3559293668460189,0.3368641535441081,0.039399656973225776,0.7,0.03,5,10,700,0.8,"{'colsample_bytree': 0.7, 'learning_rate': 0.03, 'max_depth': 5, 'min_child_weight': 10, 'n_estimators': 700, 'subsample': 0.8}",-0.17570899426937103,-0.178292378783226,-0.1756582409143448,-0.17655320465564728,0.0012299563570281797,50
5.820318301518758,0.7055330711187792,0.3253963788350423,0.01738658308545405,0.7,0.03,5,10,700,0.7,"{'colsample_bytree': 0.7, 'learning_rate': 0.03, 'max_depth': 5, 'min_child_weight': 10, 'n_estimators': 700, 'subsample': 0.7}",-0.17602653801441193,-0.17836855351924896,-0.17572683095932007,-0.1767073074976603,0.0011810334000078152,51
4.776703437169393,0.11718131763461699,0.27114089330037433,0.009629332513060453,0.8,0.03,5,10,700,0.7,"{'colsample_bytree': 0.8, 'learning_rate': 0.03, 'max_depth': 5, 'min_child_weight': 10, 'n_estimators': 700, 'subsample': 0.7}",-0.175955131649971,-0.1783912032842636,-0.17596116662025452,-0.1767691671848297,0.0011469553714411715,52
4.3250049750010175,0.2136673036040931,0.2703853448232015,0.006474733612625006,0.7,0.03,5,20,700,0.8,"{'colsample_bytree': 0.7, 'learning_rate': 0.03, 'max_depth': 5, 'min_child_weight': 20, 'n_estimators': 700, 'subsample': 0.8}",-0.17607344686985016,-0.17860455811023712,-0.1758345365524292,-0.17683751384417215,0.0012532899674103995,53
3.98525071144104,0.4931274341001104,0.26238123575846356,0.025480953472952463,0.8,0.05,4,10,700,0.8,"{'colsample_bytree': 0.8, 'learning_rate': 0.05, 'max_depth': 4, 'min_child_weight': 10, 'n_estimators': 700, 'subsample': 0.8}",-0.1759711354970932,-0.17873990535736084,-0.17598989605903625,-0.17690031230449677,0.0013008112698826143,54
4.424980084101359,0.2740954167343206,0.29629262288411456,0.01985258362326744,0.8,0.03,5,20,700,0.8,"{'colsample_bytree': 0.8, 'learning_rate': 0.03, 'max_depth': 5, 'min_child_weight': 20, 'n_estimators': 700, 'subsample': 0.8}",-0.175927072763443,-0.17869029939174652,-0.17608559131622314,-0.17690098782380423,0.0012668883003309017,55
3.039927085240682,0.15731362965115603,0.2042678197224935,0.018719511037448615,0.7,0.05,5,20,400,0.8,"{'colsample_bytree': 0.7, 'learning_rate': 0.05, 'max_depth': 5, 'min_child_weight': 20, 'n_estimators': 400, 'subsample': 0.8}",-0.1762305647134781,-0.17874670028686523,-0.17576992511749268,-0.17691573003927866,0.0013082778107134623,56
2.257983128229777,0.06344152554487353,0.13990449905395508,0.003301297669383312,0.8,0.05,5,10,400,0.8,"{'colsample_bytree': 0.8, 'learning_rate': 0.05, 'max_depth': 5, 'min_child_weight': 10, 'n_estimators': 400, 'subsample': 0.8}",-0.17618586122989655,-0.1787004917860031,-0.17597195506095886,-0.17695276935895285,0.0012389079125822255,57
2.78385861714681,0.13087044394446495,0.16925907135009766,0.01289932282511833,0.7,0.05,5,10,400,0.8,"{'colsample_bytree': 0.7, 'learning_rate': 0.05, 'max_depth': 5, 'min_child_weight': 10, 'n_estimators': 400, 'subsample': 0.8}",-0.17594176530838013,-0.17890308797359467,-0.1760166883468628,-0.17695384720961252,0.0013786607105934652,58
3.92240301767985,0.16511480442601612,0.24083526929219565,0.013471356773293704,0.8,0.05,4,20,700,0.8,"{'colsample_bytree': 0.8, 'learning_rate': 0.05, 'max_depth': 4, 'min_child_weight': 20, 'n_estimators': 700, 'subsample': 0.8}",-0.1759887933731079,-0.1789703518152237,-0.1763211339712143,-0.1770934263865153,0.0013341037858144245,59
4.725340207417806,0.29626456228697284,0.29864001274108887,0.029780908003471662,0.8,0.03,5,20,700,0.7,"{'colsample_bytree': 0.8, 'learning_rate': 0.03, 'max_depth': 5, 'min_child_weight': 20, 'n_estimators': 700, 'subsample': 0.7}",-0.176447793841362,-0.1786210536956787,-0.1762402504682541,-0.1771030326684316,0.0010767418267791443,60
4.16130797068278,0.2194146412032797,0.2641308307647705,0.009341292854160452,0.7,0.05,4,10,700,0.8,"{'colsample_bytree': 0.7, 'learning_rate': 0.05, 'max_depth': 4, 'min_child_weight': 10, 'n_estimators': 700, 'subsample': 0.8}",-0.17632047832012177,-0.17877785861492157,-0.17627881467342377,-0.17712571720282236,0.00116836421234816,61
4.958747307459514,0.4325940051793319,0.31071893374125165,0.017772590531246423,0.7,0.03,5,20,700,0.7,"{'colsample_bytree': 0.7, 'learning_rate': 0.03, 'max_depth': 5, 'min_child_weight': 20, 'n_estimators': 700, 'subsample': 0.7}",-0.1764877289533615,-0.1787271648645401,-0.17626212537288666,-0.1771590063969294,0.0011126739500066402,62
4.591708103815715,0.19451057460365426,0.3024873733520508,0.010319364418375105,0.8,0.03,5,30,700,0.8,"{'colsample_bytree': 0.8, 'learning_rate': 0.03, 'max_depth': 5, 'min_child_weight': 30, 'n_estimators': 700, 'subsample': 0.8}",-0.17608477175235748,-0.17893975973129272,-0.17646433413028717,-0.17716295520464578,0.0012659101190104773,63
2.585353215535482,0.06632933470424479,0.15523870786031088,0.00585972097719997,0.8,0.05,5,10,400,0.7,"{'colsample_bytree': 0.8, 'learning_rate': 0.05, 'max_depth': 5, 'min_child_weight': 10, 'n_estimators': 400, 'subsample': 0.7}",-0.1762782782316208,-0.17904992401599884,-0.17619021236896515,-0.17717280487219492,0.0013278105058247018,64
2.5622918605804443,0.09956607294178663,0.17014455795288086,0.014836785472628717,0.8,0.05,5,20,400,0.8,"{'colsample_bytree': 0.8, 'learning_rate': 0.05, 'max_depth': 5, 'min_child_weight': 20, 'n_estimators': 400, 'subsample': 0.8}",-0.17636828124523163,-0.17904649674892426,-0.17614203691482544,-0.17718560496966043,0.0013190868773155086,65
4.269913514455159,0.25190339034807563,0.2577190399169922,0.00663130110620221,0.7,0.03,5,30,700,0.8,"{'colsample_bytree': 0.7, 'learning_rate': 0.03, 'max_depth': 5, 'min_child_weight': 30, 'n_estimators': 700, 'subsample': 0.8}",-0.17644663155078888,-0.17889432609081268,-0.176266148686409,-0.1772023687760035,0.0011986612483477468,66
3.745493491490682,0.19007542628650906,0.2300709088643392,0.012126675574579426,0.8,0.05,4,10,700,0.7,"{'colsample_bytree': 0.8, 'learning_rate': 0.05, 'max_depth': 4, 'min_child_weight': 10, 'n_estimators': 700, 'subsample': 0.7}",-0.17642919719219208,-0.17878960072994232,-0.17651662230491638,-0.1772451400756836,0.0010926816620890972,67
6.222751299540202,1.940487252172157,0.3672636349995931,0.07704205244901915,0.8,0.03,5,30,700,0.7,"{'colsample_bytree': 0.8, 'learning_rate': 0.03, 'max_depth': 5, 'min_child_weight': 30, 'n_estimators': 700, 'subsample': 0.7}",-0.1764569878578186,-0.178927943110466,-0.17652788758277893,-0.17730427285035452,0.0011484730523402948,68
3.812394380569458,1.0186377282063646,0.178052028020223,0.014972934323911391,0.7,0.05,5,10,400,0.7,"{'colsample_bytree': 0.7, 'learning_rate': 0.05, 'max_depth': 5, 'min_child_weight': 10, 'n_estimators': 400, 'subsample': 0.7}",-0.17660804092884064,-0.17912034690380096,-0.17629481852054596,-0.17734106878439584,0.0012646211656486485,69
3.973271608352661,0.24756278704833765,0.24953858057657877,0.02581646332301246,0.8,0.05,4,20,700,0.7,"{'colsample_bytree': 0.8, 'learning_rate': 0.05, 'max_depth': 4, 'min_child_weight': 20, 'n_estimators': 700, 'subsample': 0.7}",-0.17635191977024078,-0.1790204495191574,-0.17670583724975586,-0.17735940217971802,0.001183391480300183,70
4.087646087010701,0.23374257066454443,0.2522766590118408,0.011496597041312144,0.7,0.05,4,20,700,0.8,"{'colsample_bytree': 0.7, 'learning_rate': 0.05, 'max_depth': 4, 'min_child_weight': 20, 'n_estimators': 700, 'subsample': 0.8}",-0.17657002806663513,-0.17913788557052612,-0.17643313109874725,-0.17738034824530283,0.001244022583428182,71
4.705060720443726,0.13630500828219427,0.2784578005472819,0.01533307759595773,0.7,0.05,4,10,700,0.7,"{'colsample_bytree': 0.7, 'learning_rate': 0.05, 'max_depth': 4, 'min_child_weight': 10, 'n_estimators': 700, 'subsample': 0.7}",-0.17661643028259277,-0.178785040974617,-0.17674590647220612,-0.17738245924313864,0.0009931826471926337,72
3.464329719543457,0.186544870571189,0.22776031494140625,0.016442955294636546,0.8,0.05,4,30,700,0.8,"{'colsample_bytree': 0.8, 'learning_rate': 0.05, 'max_depth': 4, 'min_child_weight': 30, 'n_estimators': 700, 'subsample': 0.8}",-0.17635300755500793,-0.17928571999073029,-0.17654959857463837,-0.1773961087067922,0.0013385651797202982,73
4.791282415390015,0.14473552059363873,0.29877837498982746,0.007666368310558668,0.7,0.03,5,30,700,0.7,"{'colsample_bytree': 0.7, 'learning_rate': 0.03, 'max_depth': 5, 'min_child_weight': 30, 'n_estimators': 700, 'subsample': 0.7}",-0.17669513821601868,-0.1789526641368866,-0.17670384049415588,-0.17745054761568704,0.0010621627197552046,74
2.7884435653686523,0.2158684158086337,0.17675352096557617,0.00640600846120066,0.8,0.05,5,30,400,0.8,"{'colsample_bytree': 0.8, 'learning_rate': 0.05, 'max_depth': 5, 'min_child_weight': 30, 'n_estimators': 400, 'subsample': 0.8}",-0.17657878994941711,-0.17918816208839417,-0.1766158789396286,-0.17746094365914664,0.0012214217194313564,75
2.7649810314178467,0.2561127324812996,0.17006985346476236,0.012005087419295539,0.8,0.05,5,20,400,0.7,"{'colsample_bytree': 0.8, 'learning_rate': 0.05, 'max_depth': 5, 'min_child_weight': 20, 'n_estimators': 400, 'subsample': 0.7}",-0.1768702119588852,-0.1792687028646469,-0.17625899612903595,-0.17746597031752268,0.001298917414621455,76
3.072012742360433,0.21402212495140696,0.1951887607574463,0.019764819343479702,0.7,0.05,5,30,400,0.8,"{'colsample_bytree': 0.7, 'learning_rate': 0.05, 'max_depth': 5, 'min_child_weight': 30, 'n_estimators': 400, 'subsample': 0.8}",-0.17655691504478455,-0.17939703166484833,-0.17668360471725464,-0.17754585047562918,0.0013100041767787826,77
4.158632278442383,0.5883184604067596,0.2624019781748454,0.006511366184593475,0.7,0.05,4,30,700,0.8,"{'colsample_bytree': 0.7, 'learning_rate': 0.05, 'max_depth': 4, 'min_child_weight': 30, 'n_estimators': 700, 'subsample': 0.8}",-0.17669713497161865,-0.17930424213409424,-0.176665797829628,-0.17755572497844696,0.0012364545245207284,78
3.976116895675659,0.3500288651589036,0.22524611155192056,0.014465428954403527,0.8,0.05,4,30,700,0.7,"{'colsample_bytree': 0.8, 'learning_rate': 0.05, 'max_depth': 4, 'min_child_weight': 30, 'n_estimators': 700, 'subsample': 0.7}",-0.17664553225040436,-0.1793108880519867,-0.17682816088199615,-0.17759486039479574,0.001215703224325326,79
3.096133311589559,0.145654201528816,0.19700384140014648,0.019792303822830724,0.7,0.05,5,20,400,0.7,"{'colsample_bytree': 0.7, 'learning_rate': 0.05, 'max_depth': 5, 'min_child_weight': 20, 'n_estimators': 400, 'subsample': 0.7}",-0.17695727944374084,-0.17933085560798645,-0.17658978700637817,-0.1776259740193685,0.0012148329367409785,80
4.235668897628784,0.11650436618544537,0.29087336858113605,0.051749198262300296,0.7,0.05,4,20,700,0.7,"{'colsample_bytree': 0.7, 'learning_rate': 0.05, 'max_depth': 4, 'min_child_weight': 20, 'n_estimators': 700, 'subsample': 0.7}",-0.17691127955913544,-0.17915593087673187,-0.17691385746002197,-0.17766035596529642,0.001057531685318727,81
4.468218644460042,0.0550429282820375,0.2440315087636312,0.016793906378408354,0.7,0.05,4,30,700,0.7,"{'colsample_bytree': 0.7, 'learning_rate': 0.05, 'max_depth': 4, 'min_child_weight': 30, 'n_estimators': 700, 'subsample': 0.7}",-0.17696616053581238,-0.17922335863113403,-0.1769234538078308,-0.17770432432492575,0.0010742609502139924,82
5.214675426483154,0.2506435228096567,0.35616246859232586,0.026758105419664804,0.8,0.03,4,10,1000,0.8,"{'colsample_bytree': 0.8, 'learning_rate': 0.03, 'max_depth': 4, 'min_child_weight': 10, 'n_estimators': 1000, 'subsample': 0.8}",-0.17655478417873383,-0.1795446127653122,-0.17723755538463593,-0.17777898410956064,0.0012792256883001557,83
5.449239333470662,0.12491069286604557,0.34172630310058594,0.015249142750520767,0.8,0.03,4,20,1000,0.8,"{'colsample_bytree': 0.8, 'learning_rate': 0.03, 'max_depth': 4, 'min_child_weight': 20, 'n_estimators': 1000, 'subsample': 0.8}",-0.17673632502555847,-0.1796242743730545,-0.17728325724601746,-0.17788128554821014,0.0012525417480981867,84
2.9712394078572593,0.2519213566050051,0.1689453919728597,0.009604392485229369,0.8,0.05,5,30,400,0.7,"{'colsample_bytree': 0.8, 'learning_rate': 0.05, 'max_depth': 5, 'min_child_weight': 30, 'n_estimators': 400, 'subsample': 0.7}",-0.17740139365196228,-0.17934450507164001,-0.17693549394607544,-0.17789379755655924,0.0010432896225306527,85
6.210706472396851,0.32793265253732645,0.3721777598063151,0.02328381368213762,0.7,0.03,4,10,1000,0.8,"{'colsample_bytree': 0.7, 'learning_rate': 0.03, 'max_depth': 4, 'min_child_weight': 10, 'n_estimators': 1000, 'subsample': 0.8}",-0.17676591873168945,-0.17972174286842346,-0.17734263837337494,-0.17794343332449594,0.0012793071071988441,86
2.8316606680552163,0.01079415288210502,0.17725396156311035,0.017292220100781037,0.7,0.05,5,30,400,0.7,"{'colsample_bytree': 0.7, 'learning_rate': 0.05, 'max_depth': 5, 'min_child_weight': 30, 'n_estimators': 400, 'subsample': 0.7}",-0.17720617353916168,-0.17969633638858795,-0.1769910454750061,-0.17796451846758524,0.0012277255406174005,87
6.132464090983073,0.1887907033769747,0.36908308664957684,0.010644732117746563,0.7,0.03,4,20,1000,0.8,"{'colsample_bytree': 0.7, 'learning_rate': 0.03, 'max_depth': 4, 'min_child_weight': 20, 'n_estimators': 1000, 'subsample': 0.8}",-0.17700821161270142,-0.17979896068572998,-0.17750796675682068,-0.1781050463517507,0.001215030350557491,88
6.016171216964722,0.18217656631452414,0.43325432141621906,0.03522132616727869,0.8,0.03,4,30,1000,0.8,"{'colsample_bytree': 0.8, 'learning_rate': 0.03, 'max_depth': 4, 'min_child_weight': 30, 'n_estimators': 1000, 'subsample': 0.8}",-0.17701111733913422,-0.17972472310066223,-0.17763084173202515,-0.1781222273906072,0.001161036593263278,89
6.880471309026082,0.29764280484482286,0.3793284098307292,0.02556858139050408,0.7,0.03,4,10,1000,0.7,"{'colsample_bytree': 0.7, 'learning_rate': 0.03, 'max_depth': 4, 'min_child_weight': 10, 'n_estimators': 1000, 'subsample': 0.7}",-0.17729045450687408,-0.17982342839241028,-0.17726270854473114,-0.1781255304813385,0.0012006485599930948,90
6.024914741516113,0.13000651623578496,0.39879465103149414,0.04381021493235664,0.8,0.03,4,10,1000,0.7,"{'colsample_bytree': 0.8, 'learning_rate': 0.03, 'max_depth': 4, 'min_child_weight': 10, 'n_estimators': 1000, 'subsample': 0.7}",-0.17706672847270966,-0.17989186942577362,-0.17757129669189453,-0.17817663153012595,0.0012302243835854423,91
6.54788597424825,0.1383584467163102,0.39075930913289386,0.03764582563133788,0.7,0.03,4,30,1000,0.8,"{'colsample_bytree': 0.7, 'learning_rate': 0.03, 'max_depth': 4, 'min_child_weight': 30, 'n_estimators': 1000, 'subsample': 0.8}",-0.17715266346931458,-0.17995278537273407,-0.17766791582107544,-0.17825778822104135,0.0012168628393492207,92
6.615089178085327,0.0770518268809386,0.38100679715474445,0.022718883772813954,0.7,0.03,4,20,1000,0.7,"{'colsample_bytree': 0.7, 'learning_rate': 0.03, 'max_depth': 4, 'min_child_weight': 20, 'n_estimators': 1000, 'subsample': 0.7}",-0.1774371862411499,-0.17994651198387146,-0.1774856001138687,-0.17828976611296335,0.0011716629595995003,93
6.242771704991658,0.191683673557359,0.3590238094329834,0.03234544387769583,0.8,0.03,4,20,1000,0.7,"{'colsample_bytree': 0.8, 'learning_rate': 0.03, 'max_depth': 4, 'min_child_weight': 20, 'n_estimators': 1000, 'subsample': 0.7}",-0.17729347944259644,-0.18001477420330048,-0.17764629423618317,-0.17831818262736002,0.0012082871626969826,94
6.294338385264079,0.19434791320419628,0.40295807520548504,0.046544635984682586,0.8,0.03,4,30,1000,0.7,"{'colsample_bytree': 0.8, 'learning_rate': 0.03, 'max_depth': 4, 'min_child_weight': 30, 'n_estimators': 1000, 'subsample': 0.7}",-0.17743301391601562,-0.18011417984962463,-0.17783129215240479,-0.17845949530601501,0.001181282380167346,95
6.603667974472046,0.13632446258109227,0.39325753847757977,0.025838299523024515,0.7,0.03,4,30,1000,0.7,"{'colsample_bytree': 0.7, 'learning_rate': 0.03, 'max_depth': 4, 'min_child_weight': 30, 'n_estimators': 1000, 'subsample': 0.7}",-0.17752711474895477,-0.18006069958209991,-0.17793041467666626,-0.17850607633590698,0.0011115463061656078,96
4.822079261144002,0.44118316505658645,0.2742329438527425,0.027901293933400125,0.8,0.05,3,10,1000,0.8,"{'colsample_bytree': 0.8, 'learning_rate': 0.05, 'max_depth': 3, 'min_child_weight': 10, 'n_estimators': 1000, 'subsample': 0.8}",-0.17788520455360413,-0.18038834631443024,-0.1778721809387207,-0.17871524393558502,0.0011830739850658245,97
4.158570607503255,0.07476865740280485,0.23700825373331705,0.005827875488956064,0.8,0.05,3,20,1000,0.8,"{'colsample_bytree': 0.8, 'learning_rate': 0.05, 'max_depth': 3, 'min_child_weight': 20, 'n_estimators': 1000, 'subsample': 0.8}",-0.17782549560070038,-0.18046803772449493,-0.17788559198379517,-0.17872637510299683,0.0012317858063689523,98
5.071896394093831,0.26249166654966805,0.26418312390645343,0.014381279470134133,0.7,0.05,3,20,1000,0.8,"{'colsample_bytree': 0.7, 'learning_rate': 0.05, 'max_depth': 3, 'min_child_weight': 20, 'n_estimators': 1000, 'subsample': 0.8}",-0.17794999480247498,-0.1804938018321991,-0.1780138909816742,-0.17881922920544943,0.001184388954165408,99
5.212237358093262,0.3520889524953379,0.31952714920043945,0.07769902767171782,0.7,0.05,3,10,1000,0.8,"{'colsample_bytree': 0.7, 'learning_rate': 0.05, 'max_depth': 3, 'min_child_weight': 10, 'n_estimators': 1000, 'subsample': 0.8}",-0.17801950871944427,-0.18055152893066406,-0.178026482462883,-0.1788658400376638,0.0011919654472796269,100
4.246128797531128,0.11306760347742566,0.24355451265970865,0.013226395241288932,0.8,0.05,3,30,1000,0.8,"{'colsample_bytree': 0.8, 'learning_rate': 0.05, 'max_depth': 3, 'min_child_weight': 30, 'n_estimators': 1000, 'subsample': 0.8}",-0.177961528301239,-0.18064840137958527,-0.17823299765586853,-0.17894764244556427,0.0012077139883170237,101
5.439184824625651,0.26926849390319646,0.30730462074279785,0.0047167241228423425,0.7,0.05,3,30,1000,0.8,"{'colsample_bytree': 0.7, 'learning_rate': 0.05, 'max_depth': 3, 'min_child_weight': 30, 'n_estimators': 1000, 'subsample': 0.8}",-0.17816266417503357,-0.18065807223320007,-0.17827463150024414,-0.17903178930282593,0.001150863819832286,102
5.62095586458842,0.15066494722051782,0.3078201611836751,0.025055320665249157,0.8,0.05,3,10,1000,0.7,"{'colsample_bytree': 0.8, 'learning_rate': 0.05, 'max_depth': 3, 'min_child_weight': 10, 'n_estimators': 1000, 'subsample': 0.7}",-0.17837758362293243,-0.18081118166446686,-0.1786552220582962,-0.17928132911523184,0.001087690946301228,103
5.2224227587382,0.029050273084096304,0.2735528151194255,0.016518804543947628,0.7,0.05,3,10,1000,0.7,"{'colsample_bytree': 0.7, 'learning_rate': 0.05, 'max_depth': 3, 'min_child_weight': 10, 'n_estimators': 1000, 'subsample': 0.7}",-0.1785764992237091,-0.1808423548936844,-0.17866645753383636,-0.17936177055040994,0.0010475751755211586,104
4.944648742675781,0.19621231810325393,0.2851707140604655,0.03214116618413307,0.8,0.05,3,30,1000,0.7,"{'colsample_bytree': 0.8, 'learning_rate': 0.05, 'max_depth': 3, 'min_child_weight': 30, 'n_estimators': 1000, 'subsample': 0.7}",-0.17833727598190308,-0.1810273975133896,-0.1788039207458496,-0.17938953141371408,0.0011737101727085626,105
4.927210013071696,0.12136085395252331,0.2614477475484212,0.017900201413620368,0.8,0.05,3,20,1000,0.7,"{'colsample_bytree': 0.8, 'learning_rate': 0.05, 'max_depth': 3, 'min_child_weight': 20, 'n_estimators': 1000, 'subsample': 0.7}",-0.17842945456504822,-0.18093691766262054,-0.1788920909166336,-0.17941948771476746,0.00108948101817123,106
5.323587576548259,0.046767911204483655,0.276427427927653,0.03143573853430341,0.7,0.05,3,20,1000,0.7,"{'colsample_bytree': 0.7, 'learning_rate': 0.05, 'max_depth': 3, 'min_child_weight': 20, 'n_estimators': 1000, 'subsample': 0.7}",-0.17859020829200745,-0.1810733675956726,-0.17875732481479645,-0.17947363356749216,0.0011332383402550658,107
5.792026360829671,0.07657997670936721,0.3025967280069987,0.03307600444209149,0.7,0.05,3,30,1000,0.7,"{'colsample_bytree': 0.7, 'learning_rate': 0.05, 'max_depth': 3, 'min_child_weight': 30, 'n_estimators': 1000, 'subsample': 0.7}",-0.1786060780286789,-0.18091726303100586,-0.17895278334617615,-0.1794920414686203,0.0010176749712659632,108
4.1775219440460205,0.19215906384821657,0.24099437395731607,0.02381116072591638,0.8,0.03,4,10,700,0.8,"{'colsample_bytree': 0.8, 'learning_rate': 0.03, 'max_depth': 4, 'min_child_weight': 10, 'n_estimators': 700, 'subsample': 0.8}",-0.17869380116462708,-0.18134132027626038,-0.17915089428424835,-0.1797286719083786,0.0011554824674351667,109
5.6817390124003095,1.791199782540422,0.24647831916809082,0.011909002218795546,0.8,0.03,4,20,700,0.8,"{'colsample_bytree': 0.8, 'learning_rate': 0.03, 'max_depth': 4, 'min_child_weight': 20, 'n_estimators': 700, 'subsample': 0.8}",-0.17879556119441986,-0.18132449686527252,-0.17908309400081635,-0.17973438402016959,0.0011304904315707698,110
2.1990562280019126,0.20004674340198283,0.14006495475769043,0.01671364293729767,0.8,0.05,4,10,400,0.8,"{'colsample_bytree': 0.8, 'learning_rate': 0.05, 'max_depth': 4, 'min_child_weight': 10, 'n_estimators': 400, 'subsample': 0.8}",-0.17871016263961792,-0.18159827589988708,-0.17908206582069397,-0.179796834786733,0.001282827750750925,111
2.9008991718292236,0.09713932673619617,0.16383973757425943,0.0026776639246647435,0.8,0.03,5,10,400,0.8,"{'colsample_bytree': 0.8, 'learning_rate': 0.03, 'max_depth': 5, 'min_child_weight': 10, 'n_estimators': 400, 'subsample': 0.8}",-0.1789017617702484,-0.1815790832042694,-0.17908333241939545,-0.1798547257979711,0.0012215559268544413,112
4.136563857396443,0.10900474424801196,0.23972002665201822,0.012286053824470388,0.7,0.03,4,10,700,0.7,"{'colsample_bytree': 0.7, 'learning_rate': 0.03, 'max_depth': 4, 'min_child_weight': 10, 'n_estimators': 700, 'subsample': 0.7}",-0.17916777729988098,-0.18137359619140625,-0.17926830053329468,-0.17993655800819397,0.0010169678084454542,113
3.9652950763702393,0.28524512620263553,0.23045078913370767,0.028882773973491996,0.7,0.03,5,10,400,0.7,"{'colsample_bytree': 0.7, 'learning_rate': 0.03, 'max_depth': 5, 'min_child_weight': 10, 'n_estimators': 400, 'subsample': 0.7}",-0.1792682409286499,-0.18165317177772522,-0.17889904975891113,-0.17994015415509543,0.0012206275876322703,114
4.480334122975667,0.3643423375341389,0.25854961077372235,0.025092112869222114,0.8,0.03,4,30,700,0.8,"{'colsample_bytree': 0.8, 'learning_rate': 0.03, 'max_depth': 4, 'min_child_weight': 30, 'n_estimators': 700, 'subsample': 0.8}",-0.1790454089641571,-0.18147438764572144,-0.17930161952972412,-0.1799404720465342,0.001089673884716416,115
4.724924405415853,0.09113666029351115,0.2989687919616699,0.04157163115695638,0.7,0.03,4,10,700,0.8,"{'colsample_bytree': 0.7, 'learning_rate': 0.03, 'max_depth': 4, 'min_child_weight': 10, 'n_estimators': 700, 'subsample': 0.8}",-0.17889463901519775,-0.18160101771354675,-0.17937108874320984,-0.17995558182398477,0.0011796455783623157,116
4.3477044105529785,0.20320287244690705,0.3008573849995931,0.05573110971937512,0.7,0.03,4,20,700,0.8,"{'colsample_bytree': 0.7, 'learning_rate': 0.03, 'max_depth': 4, 'min_child_weight': 20, 'n_estimators': 700, 'subsample': 0.8}",-0.1789824664592743,-0.181574746966362,-0.17932246625423431,-0.17995989322662354,0.0011502795068166962,117
4.557457447052002,0.21681086047127648,0.27958059310913086,0.05809445303589848,0.8,0.03,4,10,700,0.7,"{'colsample_bytree': 0.8, 'learning_rate': 0.03, 'max_depth': 4, 'min_child_weight': 10, 'n_estimators': 700, 'subsample': 0.7}",-0.17891453206539154,-0.18155190348625183,-0.1795097440481186,-0.1799920598665873,0.001129425640005139,118
3.5054163138071694,0.15895758668120824,0.24132800102233887,0.03803873334853814,0.7,0.03,5,10,400,0.8,"{'colsample_bytree': 0.7, 'learning_rate': 0.03, 'max_depth': 5, 'min_child_weight': 10, 'n_estimators': 400, 'subsample': 0.8}",-0.17914707958698273,-0.18160538375377655,-0.17925859987735748,-0.18000368773937225,0.0011334848288090066,119
4.414880593617757,0.17937657248538327,0.24500060081481934,0.0031998687207339532,0.7,0.03,4,20,700,0.7,"{'colsample_bytree': 0.7, 'learning_rate': 0.03, 'max_depth': 4, 'min_child_weight': 20, 'n_estimators': 700, 'subsample': 0.7}",-0.17924101650714874,-0.1814933568239212,-0.1792900413274765,-0.18000813821951547,0.0010503988402528188,120
4.3357283274332685,0.263444745106152,0.24854413668314615,0.032640259497091234,0.8,0.03,4,20,700,0.7,"{'colsample_bytree': 0.8, 'learning_rate': 0.03, 'max_depth': 4, 'min_child_weight': 20, 'n_estimators': 700, 'subsample': 0.7}",-0.17909163236618042,-0.18154257535934448,-0.17943185567855835,-0.18002202113469443,0.0010841284789012856,121
2.0666189193725586,0.06912666181188029,0.129868745803833,0.007134181970635288,0.8,0.05,4,20,400,0.8,"{'colsample_bytree': 0.8, 'learning_rate': 0.05, 'max_depth': 4, 'min_child_weight': 20, 'n_estimators': 400, 'subsample': 0.8}",-0.1790141612291336,-0.18181666731834412,-0.17925694584846497,-0.1800292581319809,0.001267769640607128,122
3.335732618967692,0.3167238005219358,0.18368148803710938,0.01053567241999673,0.7,0.03,5,20,400,0.8,"{'colsample_bytree': 0.7, 'learning_rate': 0.03, 'max_depth': 5, 'min_child_weight': 20, 'n_estimators': 400, 'subsample': 0.8}",-0.17926481366157532,-0.18171927332878113,-0.17916396260261536,-0.18004934986432394,0.001181531778915792,123
2.501957734425863,0.10712888769361778,0.15526199340820312,0.00817064357019596,0.8,0.03,5,20,400,0.8,"{'colsample_bytree': 0.8, 'learning_rate': 0.03, 'max_depth': 5, 'min_child_weight': 20, 'n_estimators': 400, 'subsample': 0.8}",-0.17923617362976074,-0.1816820502281189,-0.17923422157764435,-0.18005081514517465,0.0011534576641553077,124
4.550950368245442,0.10396337250997666,0.3021736939748128,0.02797737729302478,0.7,0.03,4,30,700,0.8,"{'colsample_bytree': 0.7, 'learning_rate': 0.03, 'max_depth': 4, 'min_child_weight': 30, 'n_estimators': 700, 'subsample': 0.8}",-0.17906677722930908,-0.1817890852689743,-0.17939580976963043,-0.18008389075597128,0.0012132138719201748,125
2.9628466765085855,0.15706551898625687,0.18012412389119467,0.02815152047742164,0.8,0.03,5,10,400,0.7,"{'colsample_bytree': 0.8, 'learning_rate': 0.03, 'max_depth': 5, 'min_child_weight': 10, 'n_estimators': 400, 'subsample': 0.7}",-0.17953911423683167,-0.1816709339618683,-0.1791803538799286,-0.1801301340262095,0.001099310565677678,126
4.291031678517659,0.24019436859691123,0.27207716306050617,0.02179702493118392,0.8,0.03,4,30,700,0.7,"{'colsample_bytree': 0.8, 'learning_rate': 0.03, 'max_depth': 4, 'min_child_weight': 30, 'n_estimators': 700, 'subsample': 0.7}",-0.17924906313419342,-0.18156275153160095,-0.17958414554595947,-0.18013198673725128,0.0010209100444314636,127
2.7791849772135415,0.16265779043942272,0.20183340708414713,0.023344345168904223,0.8,0.03,5,30,400,0.8,"{'colsample_bytree': 0.8, 'learning_rate': 0.03, 'max_depth': 5, 'min_child_weight': 30, 'n_estimators': 400, 'subsample': 0.8}",-0.17918792366981506,-0.1817636638879776,-0.1794506013393402,-0.18013406296571097,0.0011572810848150385,128
4.761970202128093,0.3960455624188995,0.2981081008911133,0.04033719790293227,0.7,0.03,4,30,700,0.7,"{'colsample_bytree': 0.7, 'learning_rate': 0.03, 'max_depth': 4, 'min_child_weight': 30, 'n_estimators': 700, 'subsample': 0.7}",-0.1793052703142166,-0.18154287338256836,-0.17958590388298035,-0.18014468252658844,0.0009952862410009368,129
2.467705249786377,0.069790404108106,0.13577795028686523,0.0017197650995645407,0.7,0.05,4,30,400,0.8,"{'colsample_bytree': 0.7, 'learning_rate': 0.05, 'max_depth': 4, 'min_child_weight': 30, 'n_estimators': 400, 'subsample': 0.8}",-0.17914821207523346,-0.18192777037620544,-0.17938882112503052,-0.1801549345254898,0.0012574268418475455,130
2.917975982030233,0.9238045950985684,0.1919585863749186,0.06906743878156592,0.8,0.05,4,30,400,0.8,"{'colsample_bytree': 0.8, 'learning_rate': 0.05, 'max_depth': 4, 'min_child_weight': 30, 'n_estimators': 400, 'subsample': 0.8}",-0.1791783571243286,-0.18194672465324402,-0.179347962141037,-0.18015768130620322,0.0012669381828161956,131
2.688291152318319,0.13089323010866732,0.16203999519348145,0.012904028157241926,0.7,0.03,5,30,400,0.8,"{'colsample_bytree': 0.7, 'learning_rate': 0.03, 'max_depth': 5, 'min_child_weight': 30, 'n_estimators': 400, 'subsample': 0.8}",-0.1793757826089859,-0.18185245990753174,-0.17931750416755676,-0.18018191556135812,0.0011814928137976687,132
2.5190797646840415,0.07917048586950179,0.16195098559061685,0.024422045715279537,0.7,0.05,4,10,400,0.8,"{'colsample_bytree': 0.7, 'learning_rate': 0.05, 'max_depth': 4, 'min_child_weight': 10, 'n_estimators': 400, 'subsample': 0.8}",-0.17942465841770172,-0.18182727694511414,-0.17942315340042114,-0.18022502958774567,0.0011329601381381241,133
2.2066571712493896,0.08747119763262061,0.13577922185262045,0.002933090479927254,0.7,0.05,4,20,400,0.8,"{'colsample_bytree': 0.7, 'learning_rate': 0.05, 'max_depth': 4, 'min_child_weight': 20, 'n_estimators': 400, 'subsample': 0.8}",-0.17934885621070862,-0.1820218563079834,-0.1793360710144043,-0.1802355945110321,0.0012630886141378164,134
3.1514506340026855,0.143700202327846,0.19619218508402506,0.02419651890588305,0.7,0.03,5,20,400,0.7,"{'colsample_bytree': 0.7, 'learning_rate': 0.03, 'max_depth': 5, 'min_child_weight': 20, 'n_estimators': 400, 'subsample': 0.7}",-0.17969529330730438,-0.18181581795215607,-0.1792435348033905,-0.18025154868761697,0.001121375698402297,135
2.287412643432617,0.1152738021814846,0.1363053321838379,0.015114553809543062,0.8,0.05,4,10,400,0.7,"{'colsample_bytree': 0.8, 'learning_rate': 0.05, 'max_depth': 4, 'min_child_weight': 10, 'n_estimators': 400, 'subsample': 0.7}",-0.17944252490997314,-0.18188031017780304,-0.17948298156261444,-0.18026860555013022,0.0011397669470355914,136
2.7979164123535156,0.0971451590782402,0.15209555625915527,0.009126549431145792,0.8,0.03,5,20,400,0.7,"{'colsample_bytree': 0.8, 'learning_rate': 0.03, 'max_depth': 5, 'min_child_weight': 20, 'n_estimators': 400, 'subsample': 0.7}",-0.17978203296661377,-0.18162617087364197,-0.17944768071174622,-0.18028529485066733,0.0009579176162645686,137
2.6368446350097656,0.0324675609234279,0.1497189998626709,0.01806189717045183,0.7,0.05,4,10,400,0.7,"{'colsample_bytree': 0.7, 'learning_rate': 0.05, 'max_depth': 4, 'min_child_weight': 10, 'n_estimators': 400, 'subsample': 0.7}",-0.17968635261058807,-0.1817253828048706,-0.1795070767402649,-0.18030627071857452,0.0010061293139299562,138
3.424414873123169,0.19052526484929,0.18422540028889975,0.005364682933954155,0.8,0.03,5,30,400,0.7,"{'colsample_bytree': 0.8, 'learning_rate': 0.03, 'max_depth': 5, 'min_child_weight': 30, 'n_estimators': 400, 'subsample': 0.7}",-0.17966791987419128,-0.181827574968338,-0.17943879961967468,-0.18031143148740134,0.0010761481663313674,139
3.084157943725586,0.33288752567814583,0.1602193514506022,0.012422737589664803,0.7,0.03,5,30,400,0.7,"{'colsample_bytree': 0.7, 'learning_rate': 0.03, 'max_depth': 5, 'min_child_weight': 30, 'n_estimators': 400, 'subsample': 0.7}",-0.17961616814136505,-0.18179647624492645,-0.17960220575332642,-0.18033828337987265,0.0010311138187546903,140
2.199882745742798,0.1580123016899935,0.12324126561482747,0.003329196052749442,0.8,0.05,4,20,400,0.7,"{'colsample_bytree': 0.8, 'learning_rate': 0.05, 'max_depth': 4, 'min_child_weight': 20, 'n_estimators': 400, 'subsample': 0.7}",-0.17941012978553772,-0.18188489973545074,-0.17989692091941833,-0.18039731681346893,0.0010704885533671536,141
2.4790154298146567,0.18524864097100122,0.13294394810994467,0.0038076313776359587,0.7,0.05,4,30,400,0.7,"{'colsample_bytree': 0.7, 'learning_rate': 0.05, 'max_depth': 4, 'min_child_weight': 30, 'n_estimators': 400, 'subsample': 0.7}",-0.17981018126010895,-0.18181608617305756,-0.17968705296516418,-0.18043777346611023,0.0009759096894191769,142
3.0026485919952393,0.054921221008064264,0.1798872152964274,0.011373168050577384,0.8,0.05,3,20,700,0.8,"{'colsample_bytree': 0.8, 'learning_rate': 0.05, 'max_depth': 3, 'min_child_weight': 20, 'n_estimators': 700, 'subsample': 0.8}",-0.17961125075817108,-0.1821315884590149,-0.17958760261535645,-0.18044348061084747,0.0011937115477780418,143
3.747401793797811,0.21216184007158995,0.21184674898783365,0.013032593080019512,0.8,0.05,3,10,700,0.8,"{'colsample_bytree': 0.8, 'learning_rate': 0.05, 'max_depth': 3, 'min_child_weight': 10, 'n_estimators': 700, 'subsample': 0.8}",-0.17979206144809723,-0.18198873102664948,-0.17963172495365143,-0.18047083914279938,0.0010753057785753443,144
2.226954380671183,0.1507946945976468,0.14775522549947104,0.012596157618156927,0.8,0.05,4,30,400,0.7,"{'colsample_bytree': 0.8, 'learning_rate': 0.05, 'max_depth': 4, 'min_child_weight': 30, 'n_estimators': 400, 'subsample': 0.7}",-0.17972788214683533,-0.18198904395103455,-0.1797916293144226,-0.1805028518040975,0.0010512187366914887,145
3.9571218490600586,0.19472404677534116,0.2729598681131999,0.028173495262705215,0.7,0.05,3,10,700,0.8,"{'colsample_bytree': 0.7, 'learning_rate': 0.05, 'max_depth': 3, 'min_child_weight': 10, 'n_estimators': 700, 'subsample': 0.8}",-0.17973826825618744,-0.18212124705314636,-0.179729163646698,-0.1805295596520106,0.0011254990924560913,146
3.081387996673584,0.1867411727269238,0.20971314112345377,0.038454319642105536,0.8,0.05,3,30,700,0.8,"{'colsample_bytree': 0.8, 'learning_rate': 0.05, 'max_depth': 3, 'min_child_weight': 30, 'n_estimators': 700, 'subsample': 0.8}",-0.17963720858097076,-0.18218816816806793,-0.17983704805374146,-0.18055414160092673,0.0011583079815868764,147
3.5282313028971353,0.144133411063493,0.2196652889251709,0.04298139157635494,0.7,0.05,3,20,700,0.8,"{'colsample_bytree': 0.7, 'learning_rate': 0.05, 'max_depth': 3, 'min_child_weight': 20, 'n_estimators': 700, 'subsample': 0.8}",-0.17999334633350372,-0.1821889579296112,-0.17957209050655365,-0.18058479825655618,0.0011472751226062627,148
2.8122191429138184,0.13694106764835,0.16632858912150064,0.01970549622692707,0.7,0.05,4,20,400,0.7,"{'colsample_bytree': 0.7, 'learning_rate': 0.05, 'max_depth': 4, 'min_child_weight': 20, 'n_estimators': 400, 'subsample': 0.7}",-0.1799057573080063,-0.18199095129966736,-0.1799587458372116,-0.18061848481496176,0.0009707214275259271,149
3.620164712270101,0.07753356833732408,0.22382148106892905,0.04404034747824448,0.7,0.05,3,30,700,0.8,"{'colsample_bytree': 0.7, 'learning_rate': 0.05, 'max_depth': 3, 'min_child_weight': 30, 'n_estimators': 700, 'subsample': 0.8}",-0.17982201278209686,-0.18219758570194244,-0.17989741265773773,-0.1806390037139257,0.0011025136870924798,150
4.329873402913411,0.23732701160579306,0.2125718593597412,0.010684890403410864,0.8,0.05,3,10,700,0.7,"{'colsample_bytree': 0.8, 'learning_rate': 0.05, 'max_depth': 3, 'min_child_weight': 10, 'n_estimators': 700, 'subsample': 0.7}",-0.17990365624427795,-0.18223194777965546,-0.17998774349689484,-0.18070778250694275,0.0010782941776777849,151
6.52993647257487,0.17881484486266827,0.3829004764556885,0.027480797169484615,0.8,0.01,5,10,1000,0.8,"{'colsample_bytree': 0.8, 'learning_rate': 0.01, 'max_depth': 5, 'min_child_weight': 10, 'n_estimators': 1000, 'subsample': 0.8}",-0.1797235608100891,-0.18238422274589539,-0.18014325201511383,-0.18075034519036612,0.0011679617792663475,152
3.3092278639475503,0.09072908351660992,0.2028036117553711,0.03378721331154531,0.8,0.05,3,30,700,0.7,"{'colsample_bytree': 0.8, 'learning_rate': 0.05, 'max_depth': 3, 'min_child_weight': 30, 'n_estimators': 700, 'subsample': 0.7}",-0.17986942827701569,-0.1823401302099228,-0.18010194599628448,-0.18077050149440765,0.0011139469918180621,153
4.167173703511556,0.11429208224453102,0.2130440870920817,0.011090370304104584,0.7,0.05,3,30,700,0.7,"{'colsample_bytree': 0.7, 'learning_rate': 0.05, 'max_depth': 3, 'min_child_weight': 30, 'n_estimators': 700, 'subsample': 0.7}",-0.18005521595478058,-0.18222910165786743,-0.18021348118782043,-0.18083259960015616,0.0009895876140733832,154
4.111124197642009,0.24342903274483932,0.2029564380645752,0.0017727563494580997,0.7,0.05,3,10,700,0.7,"{'colsample_bytree': 0.7, 'learning_rate': 0.05, 'max_depth': 3, 'min_child_weight': 10, 'n_estimators': 700, 'subsample': 0.7}",-0.18010953068733215,-0.18214906752109528,-0.1802980601787567,-0.18085221946239471,0.0009202343932574143,155
3.418564955393473,0.12033329120788233,0.1770477294921875,0.0031691949058169,0.8,0.05,3,20,700,0.7,"{'colsample_bytree': 0.8, 'learning_rate': 0.05, 'max_depth': 3, 'min_child_weight': 20, 'n_estimators': 700, 'subsample': 0.7}",-0.18002909421920776,-0.18229809403419495,-0.18027423322200775,-0.1808671404918035,0.001016774086030731,156
3.8134404023488364,0.13451640139619384,0.27930402755737305,0.011389012557402035,0.7,0.01,5,10,1000,0.8,"{'colsample_bytree': 0.7, 'learning_rate': 0.01, 'max_depth': 5, 'min_child_weight': 10, 'n_estimators': 1000, 'subsample': 0.8}",-0.1798657327890396,-0.18254688382148743,-0.1801977902650833,-0.18087013562520346,0.0011933646905997355,157
3.9980332056681314,0.3943897653603214,0.2088648478190104,0.007485574189569922,0.7,0.05,3,20,700,0.7,"{'colsample_bytree': 0.7, 'learning_rate': 0.05, 'max_depth': 3, 'min_child_weight': 20, 'n_estimators': 700, 'subsample': 0.7}",-0.18004608154296875,-0.1823810338973999,-0.18030786514282227,-0.18091166019439697,0.0010444861488136876,158
6.456405480702718,0.24520241047579386,0.4220258394877116,0.03204146634004448,0.8,0.01,5,20,1000,0.8,"{'colsample_bytree': 0.8, 'learning_rate': 0.01, 'max_depth': 5, 'min_child_weight': 20, 'n_estimators': 1000, 'subsample': 0.8}",-0.17984995245933533,-0.18259106576442719,-0.18029740452766418,-0.1809128075838089,0.0012006848681681893,159
4.231689214706421,0.05770346857221853,0.2619807720184326,0.0022194496640035063,0.7,0.01,5,20,1000,0.8,"{'colsample_bytree': 0.7, 'learning_rate': 0.01, 'max_depth': 5, 'min_child_weight': 20, 'n_estimators': 1000, 'subsample': 0.8}",-0.17993739247322083,-0.18262134492397308,-0.1803589165210724,-0.18097255130608877,0.0011785049643542266,160
6.889995098114014,0.3966252431008081,0.49916593233744305,0.06407607284947188,0.8,0.01,5,10,1000,0.7,"{'colsample_bytree': 0.8, 'learning_rate': 0.01, 'max_depth': 5, 'min_child_weight': 10, 'n_estimators': 1000, 'subsample': 0.7}",-0.180141419172287,-0.1824815720319748,-0.18032318353652954,-0.18098205824693045,0.0010629097687262874,161
6.68576184908549,0.48326475530940793,0.4271693229675293,0.031018289160534777,0.8,0.01,5,30,1000,0.8,"{'colsample_bytree': 0.8, 'learning_rate': 0.01, 'max_depth': 5, 'min_child_weight': 30, 'n_estimators': 1000, 'subsample': 0.8}",-0.17995384335517883,-0.18258409202098846,-0.18048647046089172,-0.18100813527901968,0.0011353861744953233,162
6.9585615793863935,0.2415285942953847,0.4532309373219808,0.03667540787422945,0.8,0.01,5,20,1000,0.7,"{'colsample_bytree': 0.8, 'learning_rate': 0.01, 'max_depth': 5, 'min_child_weight': 20, 'n_estimators': 1000, 'subsample': 0.7}",-0.18015511333942413,-0.18260639905929565,-0.18042604625225067,-0.1810625195503235,0.0010972766635269566,163
5.1857724984486895,0.2523792847148024,0.29001649220784503,0.008391438549158924,0.8,0.03,3,20,1000,0.8,"{'colsample_bytree': 0.8, 'learning_rate': 0.03, 'max_depth': 3, 'min_child_weight': 20, 'n_estimators': 1000, 'subsample': 0.8}",-0.18011657893657684,-0.18253467977046967,-0.18056969344615936,-0.1810736507177353,0.0010495340583322299,164
3.940469264984131,0.043918138374670034,0.27061812082926434,0.014910368732665333,0.7,0.01,5,10,1000,0.7,"{'colsample_bytree': 0.7, 'learning_rate': 0.01, 'max_depth': 5, 'min_child_weight': 10, 'n_estimators': 1000, 'subsample': 0.7}",-0.180191770195961,-0.1825912594795227,-0.1804959923028946,-0.1810930073261261,0.001066679398555772,165
4.6235671043396,0.3189789327908464,0.29951047897338867,0.02009661135479028,0.7,0.01,5,30,1000,0.8,"{'colsample_bytree': 0.7, 'learning_rate': 0.01, 'max_depth': 5, 'min_child_weight': 30, 'n_estimators': 1000, 'subsample': 0.8}",-0.18010103702545166,-0.1827501803636551,-0.18051624298095703,-0.18112248679002127,0.001163368320469613,166
5.143526474634807,0.32189804658311544,0.2852787176767985,0.0476275445448214,0.8,0.03,3,30,1000,0.8,"{'colsample_bytree': 0.8, 'learning_rate': 0.03, 'max_depth': 3, 'min_child_weight': 30, 'n_estimators': 1000, 'subsample': 0.8}",-0.18025833368301392,-0.18261326849460602,-0.18071483075618744,-0.18119547764460245,0.0010197043902423753,167
5.291352907816569,0.22567643282594804,0.278426726659139,0.013470061596453975,0.7,0.03,3,20,1000,0.8,"{'colsample_bytree': 0.7, 'learning_rate': 0.03, 'max_depth': 3, 'min_child_weight': 20, 'n_estimators': 1000, 'subsample': 0.8}",-0.1802043467760086,-0.18274754285812378,-0.18064634501934052,-0.18119941155115762,0.0011094663941083429,168
5.940457661946614,0.7375091467367717,0.30598020553588867,0.032528626170137104,0.7,0.03,3,10,1000,0.8,"{'colsample_bytree': 0.7, 'learning_rate': 0.03, 'max_depth': 3, 'min_child_weight': 10, 'n_estimators': 1000, 'subsample': 0.8}",-0.1802833378314972,-0.18262147903442383,-0.18074089288711548,-0.1812152365843455,0.0010117567324649367,169
5.117034514745076,0.3771304797706354,0.25713292757670086,0.00183788005076298,0.8,0.03,3,10,1000,0.8,"{'colsample_bytree': 0.8, 'learning_rate': 0.03, 'max_depth': 3, 'min_child_weight': 10, 'n_estimators': 1000, 'subsample': 0.8}",-0.18023179471492767,-0.1827303022146225,-0.18071818351745605,-0.18122676014900208,0.0010815490662698705,170
4.786022186279297,0.05955796519641433,0.28071991602579754,0.026624637655784475,0.7,0.01,5,20,1000,0.7,"{'colsample_bytree': 0.7, 'learning_rate': 0.01, 'max_depth': 5, 'min_child_weight': 20, 'n_estimators': 1000, 'subsample': 0.7}",-0.180404931306839,-0.1827296018600464,-0.18056029081344604,-0.18123160799344382,0.0010611388103848643,171
6.8238259156545,0.28630761829300266,0.37190763155619305,0.016820646598612196,0.8,0.01,5,30,1000,0.7,"{'colsample_bytree': 0.8, 'learning_rate': 0.01, 'max_depth': 5, 'min_child_weight': 30, 'n_estimators': 1000, 'subsample': 0.7}",-0.18040458858013153,-0.1827409267425537,-0.1806340217590332,-0.18125984569390616,0.0010514626956110407,172
4.928446054458618,0.20867267417789173,0.337449312210083,0.06058244819634316,0.7,0.03,3,30,1000,0.8,"{'colsample_bytree': 0.7, 'learning_rate': 0.03, 'max_depth': 3, 'min_child_weight': 30, 'n_estimators': 1000, 'subsample': 0.8}",-0.1802583783864975,-0.18272434175014496,-0.1808287650346756,-0.18127049505710602,0.0010540676408561768,173
4.905900478363037,0.38506075343201474,0.27893757820129395,0.007514953620845291,0.7,0.01,5,30,1000,0.7,"{'colsample_bytree': 0.7, 'learning_rate': 0.01, 'max_depth': 5, 'min_child_weight': 30, 'n_estimators': 1000, 'subsample': 0.7}",-0.18055656552314758,-0.18282301723957062,-0.18073119223117828,-0.18137025833129883,0.0010297264866496317,174
5.143028179804484,0.5163563195205854,0.3082842032114665,0.027817376245222136,0.8,0.03,3,30,1000,0.7,"{'colsample_bytree': 0.8, 'learning_rate': 0.03, 'max_depth': 3, 'min_child_weight': 30, 'n_estimators': 1000, 'subsample': 0.7}",-0.18045437335968018,-0.18279395997524261,-0.1809527724981308,-0.18140036861101785,0.0010062051126662112,175
5.220017115275065,0.31721402071480065,0.2632298469543457,0.028909732267526675,0.8,0.03,3,20,1000,0.7,"{'colsample_bytree': 0.8, 'learning_rate': 0.03, 'max_depth': 3, 'min_child_weight': 20, 'n_estimators': 1000, 'subsample': 0.7}",-0.18057768046855927,-0.18285253643989563,-0.18084286153316498,-0.18142435948053995,0.0010156598248370907,176
5.623133579889934,0.1936775458735436,0.33216579755147296,0.03435136270876545,0.8,0.03,3,10,1000,0.7,"{'colsample_bytree': 0.8, 'learning_rate': 0.03, 'max_depth': 3, 'min_child_weight': 10, 'n_estimators': 1000, 'subsample': 0.7}",-0.18061065673828125,-0.18279345333576202,-0.18094991147518158,-0.1814513405164083,0.0009590702299736484,177
5.8095706303914385,0.3344247421099654,0.3274213473002116,0.06179403838734031,0.7,0.03,3,20,1000,0.7,"{'colsample_bytree': 0.7, 'learning_rate': 0.03, 'max_depth': 3, 'min_child_weight': 20, 'n_estimators': 1000, 'subsample': 0.7}",-0.18076124787330627,-0.18288707733154297,-0.18093281984329224,-0.1815270483493805,0.0009642331528085382,178
5.6908284823099775,0.4647980685866884,0.29551267623901367,0.03207177739676902,0.7,0.03,3,30,1000,0.7,"{'colsample_bytree': 0.7, 'learning_rate': 0.03, 'max_depth': 3, 'min_child_weight': 30, 'n_estimators': 1000, 'subsample': 0.7}",-0.18076762557029724,-0.18293483555316925,-0.18103602528572083,-0.1815794954697291,0.0009646137942701972,179
5.645914236704509,0.7910877656706219,0.3118735949198405,0.0660089197224793,0.7,0.03,3,10,1000,0.7,"{'colsample_bytree': 0.7, 'learning_rate': 0.03, 'max_depth': 3, 'min_child_weight': 10, 'n_estimators': 1000, 'subsample': 0.7}",-0.18090227246284485,-0.18295501172542572,-0.18093906342983246,-0.18159878253936768,0.0009591164676060706,180
2.4601193269093833,0.12347299269336445,0.14192438125610352,0.010567327473111371,0.8,0.03,4,20,400,0.8,"{'colsample_bytree': 0.8, 'learning_rate': 0.03, 'max_depth': 4, 'min_child_weight': 20, 'n_estimators': 400, 'subsample': 0.8}",-0.18133877217769623,-0.18375243246555328,-0.18162475526332855,-0.1822386533021927,0.0010767519361132582,181
2.42833145459493,0.09431297130333686,0.1397716204325358,0.00993723372095943,0.8,0.03,4,10,400,0.8,"{'colsample_bytree': 0.8, 'learning_rate': 0.03, 'max_depth': 4, 'min_child_weight': 10, 'n_estimators': 400, 'subsample': 0.8}",-0.18131135404109955,-0.1839110106229782,-0.18153195083141327,-0.182251438498497,0.0011769453295828896,182
2.584156036376953,0.01978762637961156,0.1706407070159912,0.01596399754217277,0.8,0.03,4,30,400,0.8,"{'colsample_bytree': 0.8, 'learning_rate': 0.03, 'max_depth': 4, 'min_child_weight': 30, 'n_estimators': 400, 'subsample': 0.8}",-0.18140248954296112,-0.1838158220052719,-0.18171745538711548,-0.18231192231178284,0.0010711634132423078,183
3.021750052769979,0.7223500465068585,0.14634434382120767,0.017321161481335695,0.7,0.03,4,20,400,0.8,"{'colsample_bytree': 0.7, 'learning_rate': 0.03, 'max_depth': 4, 'min_child_weight': 20, 'n_estimators': 400, 'subsample': 0.8}",-0.18140652775764465,-0.18413512408733368,-0.18171389400959015,-0.18241851528485617,0.0012202944559316358,184
2.9770617485046387,0.08013840823517293,0.15557503700256348,0.00885060588900705,0.7,0.03,4,20,400,0.7,"{'colsample_bytree': 0.7, 'learning_rate': 0.03, 'max_depth': 4, 'min_child_weight': 20, 'n_estimators': 400, 'subsample': 0.7}",-0.18161052465438843,-0.18397966027259827,-0.18167370557785034,-0.18242129683494568,0.0011022311947837648,185
2.6916650931040444,0.02174482441457411,0.17304595311482748,0.020787822956430335,0.7,0.03,4,30,400,0.8,"{'colsample_bytree': 0.7, 'learning_rate': 0.03, 'max_depth': 4, 'min_child_weight': 30, 'n_estimators': 400, 'subsample': 0.8}",-0.1813717931509018,-0.18413984775543213,-0.18180961906909943,-0.18244041999181113,0.0012148975063726807,186
2.670738697052002,0.08658122108263068,0.14644487698872885,0.016241851770840806,0.7,0.03,4,10,400,0.8,"{'colsample_bytree': 0.7, 'learning_rate': 0.03, 'max_depth': 4, 'min_child_weight': 10, 'n_estimators': 400, 'subsample': 0.8}",-0.18135550618171692,-0.18417870998382568,-0.18183371424674988,-0.1824559768040975,0.0012337011914743759,187
3.0450074672698975,0.31808096803162195,0.16545708974202475,0.004961405143895464,0.7,0.03,4,10,400,0.7,"{'colsample_bytree': 0.7, 'learning_rate': 0.03, 'max_depth': 4, 'min_child_weight': 10, 'n_estimators': 400, 'subsample': 0.7}",-0.18171222507953644,-0.18416644632816315,-0.18170922994613647,-0.1825293004512787,0.0011576375971076793,188
3.8407989343007407,0.1744320774574479,0.20625917116800943,0.006099703712058834,0.8,0.03,3,20,700,0.8,"{'colsample_bytree': 0.8, 'learning_rate': 0.03, 'max_depth': 3, 'min_child_weight': 20, 'n_estimators': 700, 'subsample': 0.8}",-0.18175064027309418,-0.1839834302663803,-0.18194878101348877,-0.18256095051765442,0.0010090924684760015,189
2.8176896572113037,0.07620336502063546,0.15439391136169434,0.009781274049507451,0.7,0.03,4,30,400,0.7,"{'colsample_bytree': 0.7, 'learning_rate': 0.03, 'max_depth': 4, 'min_child_weight': 30, 'n_estimators': 400, 'subsample': 0.7}",-0.1817394345998764,-0.18417084217071533,-0.18178366124629974,-0.1825646460056305,0.0011358957081274072,190
5.079514185587565,0.36021124869471705,0.3279574712117513,0.03613159363007533,0.8,0.01,5,10,700,0.8,"{'colsample_bytree': 0.8, 'learning_rate': 0.01, 'max_depth': 5, 'min_child_weight': 10, 'n_estimators': 700, 'subsample': 0.8}",-0.18161840736865997,-0.1841886341571808,-0.18194784224033356,-0.18258496125539145,0.0011419156173199333,191
3.117879867553711,0.14424371601740907,0.17110776901245117,0.024769533624589182,0.8,0.03,4,20,400,0.7,"{'colsample_bytree': 0.8, 'learning_rate': 0.03, 'max_depth': 4, 'min_child_weight': 20, 'n_estimators': 400, 'subsample': 0.7}",-0.1817157119512558,-0.1841348260641098,-0.1819169670343399,-0.18258916834990183,0.001096028962279965,192
2.8046204249064126,0.268525569377667,0.14705204963684082,0.006548223236836724,0.8,0.03,4,30,400,0.7,"{'colsample_bytree': 0.8, 'learning_rate': 0.03, 'max_depth': 4, 'min_child_weight': 30, 'n_estimators': 400, 'subsample': 0.7}",-0.18186381459236145,-0.18408048152923584,-0.1818639189004898,-0.1826027383406957,0.0010449222303366675,193
2.430228074391683,0.07560687856561395,0.13442746798197427,0.005474047895110797,0.8,0.03,4,10,400,0.7,"{'colsample_bytree': 0.8, 'learning_rate': 0.03, 'max_depth': 4, 'min_child_weight': 10, 'n_estimators': 400, 'subsample': 0.7}",-0.1815938800573349,-0.1842626929283142,-0.18198999762535095,-0.18261552353700003,0.0011758975393813028,194
3.5007588863372803,0.18815110003306362,0.22081311543782553,0.034933641279456355,0.8,0.03,3,30,700,0.8,"{'colsample_bytree': 0.8, 'learning_rate': 0.03, 'max_depth': 3, 'min_child_weight': 30, 'n_estimators': 700, 'subsample': 0.8}",-0.1817787140607834,-0.18399982154369354,-0.18210841715335846,-0.1826289842526118,0.0009786290380863246,195
3.7275209426879883,0.08638252487058688,0.2067390282948812,0.018131661817637028,0.8,0.03,3,10,700,0.8,"{'colsample_bytree': 0.8, 'learning_rate': 0.03, 'max_depth': 3, 'min_child_weight': 10, 'n_estimators': 700, 'subsample': 0.8}",-0.18182866275310516,-0.1840943694114685,-0.18199127912521362,-0.18263810376326242,0.0010318731348792267,196
5.179668585459392,0.11482345095430314,0.2730240821838379,0.011678682025997698,0.8,0.01,5,10,700,0.7,"{'colsample_bytree': 0.8, 'learning_rate': 0.01, 'max_depth': 5, 'min_child_weight': 10, 'n_estimators': 700, 'subsample': 0.7}",-0.1817476898431778,-0.18410713970661163,-0.18208032846450806,-0.1826450526714325,0.0010427323040708375,197
3.974919001261393,0.01433754570089014,0.21084467569986978,0.022443421747156828,0.7,0.03,3,20,700,0.8,"{'colsample_bytree': 0.7, 'learning_rate': 0.03, 'max_depth': 3, 'min_child_weight': 20, 'n_estimators': 700, 'subsample': 0.8}",-0.18187347054481506,-0.18415947258472443,-0.18201690912246704,-0.18268328408400217,0.001045464178770418,198
2.8717335065205893,0.09699132694043999,0.18053579330444336,0.004839028603898082,0.7,0.01,5,10,700,0.8,"{'colsample_bytree': 0.7, 'learning_rate': 0.01, 'max_depth': 5, 'min_child_weight': 10, 'n_estimators': 700, 'subsample': 0.8}",-0.18170888721942902,-0.18429510295391083,-0.18206250667572021,-0.18268883228302002,0.0011449427295982758,199
4.786022583643596,0.16815301173384675,0.26732619603474933,0.014192157614236901,0.8,0.01,5,20,700,0.8,"{'colsample_bytree': 0.8, 'learning_rate': 0.01, 'max_depth': 5, 'min_child_weight': 20, 'n_estimators': 700, 'subsample': 0.8}",-0.18172436952590942,-0.1842920482158661,-0.18207035958766937,-0.18269559244314829,0.0011376673668497131,200
5.1375679175059,0.170535501807693,0.283066193262736,0.029005359902653457,0.8,0.01,5,20,700,0.7,"{'colsample_bytree': 0.8, 'learning_rate': 0.01, 'max_depth': 5, 'min_child_weight': 20, 'n_estimators': 700, 'subsample': 0.7}",-0.181786447763443,-0.18420939147472382,-0.18214620649814606,-0.18271401524543762,0.0010675420794624237,201
3.908959229787191,0.137614012461205,0.20519407590230307,0.006305083267292907,0.7,0.03,3,30,700,0.8,"{'colsample_bytree': 0.7, 'learning_rate': 0.03, 'max_depth': 3, 'min_child_weight': 30, 'n_estimators': 700, 'subsample': 0.8}",-0.18187783658504486,-0.18410882353782654,-0.1821715235710144,-0.1827193945646286,0.0009897634953541087,202
2.9453898270924888,0.057081516193678385,0.18825125694274902,0.009851812057798068,0.7,0.01,5,10,700,0.7,"{'colsample_bytree': 0.7, 'learning_rate': 0.01, 'max_depth': 5, 'min_child_weight': 10, 'n_estimators': 700, 'subsample': 0.7}",-0.18185096979141235,-0.18417029082775116,-0.1821407973766327,-0.18272068599859873,0.0010318319074394456,203
3.900818109512329,0.2048662571922764,0.19869478543599448,0.019083240423291778,0.8,0.03,3,30,700,0.7,"{'colsample_bytree': 0.8, 'learning_rate': 0.03, 'max_depth': 3, 'min_child_weight': 30, 'n_estimators': 700, 'subsample': 0.7}",-0.18179534375667572,-0.18411512672901154,-0.18225343525409698,-0.1827213019132614,0.0010031692006679167,204
3.076998790105184,0.07692122518501462,0.18786040941874185,0.0064669726393102745,0.7,0.01,5,20,700,0.8,"{'colsample_bytree': 0.7, 'learning_rate': 0.01, 'max_depth': 5, 'min_child_weight': 20, 'n_estimators': 700, 'subsample': 0.8}",-0.18178416788578033,-0.18430733680725098,-0.1821366548538208,-0.1827427198489507,0.0011156706309988888,205
3.897633949915568,0.21230907089020623,0.19719815254211426,0.007477603295862133,0.8,0.03,3,20,700,0.7,"{'colsample_bytree': 0.8, 'learning_rate': 0.03, 'max_depth': 3, 'min_child_weight': 20, 'n_estimators': 700, 'subsample': 0.7}",-0.18189899623394012,-0.18413831293582916,-0.18221354484558105,-0.18275028467178345,0.0009898491648103532,206
1.9692341486612956,0.13597361666571237,0.10000371932983398,0.0011714567427675078,0.8,0.05,3,20,400,0.8,"{'colsample_bytree': 0.8, 'learning_rate': 0.05, 'max_depth': 3, 'min_child_weight': 20, 'n_estimators': 400, 'subsample': 0.8}",-0.18185822665691376,-0.18462084233760834,-0.18179883062839508,-0.18275929987430573,0.0013165326250065652,207
2.53471048672994,0.2501362193103834,0.12529436747233072,0.01107454264738559,0.7,0.05,3,30,400,0.8,"{'colsample_bytree': 0.7, 'learning_rate': 0.05, 'max_depth': 3, 'min_child_weight': 30, 'n_estimators': 400, 'subsample': 0.8}",-0.18179918825626373,-0.18459230661392212,-0.18190713226795197,-0.18276620904604593,0.0012919977355416979,208
4.222289562225342,0.570503568779892,0.19012737274169922,0.016928638276590104,0.7,0.03,3,10,700,0.8,"{'colsample_bytree': 0.7, 'learning_rate': 0.03, 'max_depth': 3, 'min_child_weight': 10, 'n_estimators': 700, 'subsample': 0.8}",-0.18199847638607025,-0.1842052936553955,-0.1821419894695282,-0.18278191983699799,0.0010081811250813874,209
4.9797758261362715,0.31282584940890545,0.2872459888458252,0.01800301289475494,0.8,0.01,5,30,700,0.8,"{'colsample_bytree': 0.8, 'learning_rate': 0.01, 'max_depth': 5, 'min_child_weight': 30, 'n_estimators': 700, 'subsample': 0.8}",-0.1818314790725708,-0.18431401252746582,-0.18221867084503174,-0.1827880541483561,0.0010905323159652168,210
3.762526353200277,0.14001119927587335,0.18853179613749185,0.012006194205672444,0.8,0.03,3,10,700,0.7,"{'colsample_bytree': 0.8, 'learning_rate': 0.03, 'max_depth': 3, 'min_child_weight': 10, 'n_estimators': 700, 'subsample': 0.7}",-0.18189366161823273,-0.18417856097221375,-0.182292640209198,-0.1827882875998815,0.0009964741228867023,211
2.1600512663523355,0.08459023639571919,0.12642860412597656,0.003793197069543139,0.8,0.05,3,10,400,0.8,"{'colsample_bytree': 0.8, 'learning_rate': 0.05, 'max_depth': 3, 'min_child_weight': 10, 'n_estimators': 400, 'subsample': 0.8}",-0.1819581836462021,-0.18454650044441223,-0.1818707138299942,-0.1827917993068695,0.001241274829562242,212
2.661116679509481,0.3262714965494071,0.12978394826253256,0.013297863913832754,0.7,0.05,3,10,400,0.8,"{'colsample_bytree': 0.7, 'learning_rate': 0.05, 'max_depth': 3, 'min_child_weight': 10, 'n_estimators': 400, 'subsample': 0.8}",-0.18201445043087006,-0.1845969259738922,-0.181794673204422,-0.18280201653639475,0.0012723601230074705,213
4.35808801651001,0.05658819634615064,0.212416410446167,0.009963621618693779,0.7,0.03,3,20,700,0.7,"{'colsample_bytree': 0.7, 'learning_rate': 0.03, 'max_depth': 3, 'min_child_weight': 20, 'n_estimators': 700, 'subsample': 0.7}",-0.18212535977363586,-0.18420745432376862,-0.18209916353225708,-0.18281065920988718,0.000987741195316489,214
3.5593551794687905,0.22626677616196833,0.2011705239613851,0.00901012832447516,0.7,0.01,5,30,700,0.8,"{'colsample_bytree': 0.7, 'learning_rate': 0.01, 'max_depth': 5, 'min_child_weight': 30, 'n_estimators': 700, 'subsample': 0.8}",-0.18186184763908386,-0.18437924981117249,-0.18222734332084656,-0.18282281359036764,0.0011106355704195558,215
2.2344048023223877,0.06650330960807513,0.12143230438232422,0.014005884529758672,0.7,0.05,3,20,400,0.8,"{'colsample_bytree': 0.7, 'learning_rate': 0.05, 'max_depth': 3, 'min_child_weight': 20, 'n_estimators': 400, 'subsample': 0.8}",-0.1819652020931244,-0.18471463024616241,-0.18179951608181,-0.18282644947369894,0.001336857742547029,216
5.6546487013498945,2.504570108501042,0.22544058163960776,0.00653730020723746,0.7,0.01,5,20,700,0.7,"{'colsample_bytree': 0.7, 'learning_rate': 0.01, 'max_depth': 5, 'min_child_weight': 20, 'n_estimators': 700, 'subsample': 0.7}",-0.18194903433322906,-0.18424956500530243,-0.1822841316461563,-0.18282757699489594,0.0010147610485848808,217
5.260288794835408,0.41020524903482236,0.27564382553100586,0.009058785572120809,0.8,0.01,5,30,700,0.7,"{'colsample_bytree': 0.8, 'learning_rate': 0.01, 'max_depth': 5, 'min_child_weight': 30, 'n_estimators': 700, 'subsample': 0.7}",-0.18196827173233032,-0.18429699540138245,-0.18225426971912384,-0.1828398456176122,0.001036954782482096,218
4.259595314661662,0.1618188942743732,0.2246126333872477,0.037569486409682204,0.7,0.03,3,30,700,0.7,"{'colsample_bytree': 0.7, 'learning_rate': 0.03, 'max_depth': 3, 'min_child_weight': 30, 'n_estimators': 700, 'subsample': 0.7}",-0.18208502233028412,-0.18417832255363464,-0.18225733935832977,-0.1828402280807495,0.000948787262180139,219
2.965694268544515,0.16108225174619867,0.15657846132914224,0.00804973237277727,0.7,0.03,3,10,700,0.7,"{'colsample_bytree': 0.7, 'learning_rate': 0.03, 'max_depth': 3, 'min_child_weight': 10, 'n_estimators': 700, 'subsample': 0.7}",-0.1821138858795166,-0.18429772555828094,-0.18218788504600525,-0.18286649882793427,0.0010124809247271079,220
1.9123278458913167,0.14808708645377516,0.09917751948038737,0.0008864403697253151,0.8,0.05,3,30,400,0.8,"{'colsample_bytree': 0.8, 'learning_rate': 0.05, 'max_depth': 3, 'min_child_weight': 30, 'n_estimators': 400, 'subsample': 0.8}",-0.18192273378372192,-0.18473894894123077,-0.18202075362205505,-0.1828941454490026,0.0013050866933859752,221
3.9118618965148926,0.42103184774606145,0.21401731173197427,0.0070793641776175035,0.7,0.01,5,30,700,0.7,"{'colsample_bytree': 0.7, 'learning_rate': 0.01, 'max_depth': 5, 'min_child_weight': 30, 'n_estimators': 700, 'subsample': 0.7}",-0.18211761116981506,-0.1843775063753128,-0.18232908844947815,-0.182941401998202,0.0010191426123368021,222
2.190822203954061,0.20355843680136818,0.11235857009887695,0.00039966952502832785,0.8,0.05,3,30,400,0.7,"{'colsample_bytree': 0.8, 'learning_rate': 0.05, 'max_depth': 3, 'min_child_weight': 30, 'n_estimators': 400, 'subsample': 0.7}",-0.1821405440568924,-0.18462124466896057,-0.18220901489257812,-0.18299026787281036,0.0011536134667557046,223
2.5658205350240073,0.29760627469432743,0.12981573740641275,0.017646810834511334,0.8,0.05,3,10,400,0.7,"{'colsample_bytree': 0.8, 'learning_rate': 0.05, 'max_depth': 3, 'min_child_weight': 10, 'n_estimators': 400, 'subsample': 0.7}",-0.1822362095117569,-0.1847248077392578,-0.1820945292711258,-0.18301851550738016,0.0012079164452535112,224
2.4651896158854165,0.18002003735703762,0.14188011487325033,0.01596842346200721,0.7,0.05,3,30,400,0.7,"{'colsample_bytree': 0.7, 'learning_rate': 0.05, 'max_depth': 3, 'min_child_weight': 30, 'n_estimators': 400, 'subsample': 0.7}",-0.18207670748233795,-0.18471822142601013,-0.1823069155216217,-0.18303394814332327,0.0011946634961129765,225
2.327113072077433,0.035840144704005115,0.11060206095377605,0.0028503272504789025,0.7,0.05,3,20,400,0.7,"{'colsample_bytree': 0.7, 'learning_rate': 0.05, 'max_depth': 3, 'min_child_weight': 20, 'n_estimators': 400, 'subsample': 0.7}",-0.1821792721748352,-0.184735968708992,-0.18230657279491425,-0.18307393789291382,0.0011763817937963474,226
2.5789260864257812,0.2071962319131068,0.12952200571695963,0.00709489674823662,0.7,0.05,3,10,400,0.7,"{'colsample_bytree': 0.7, 'learning_rate': 0.05, 'max_depth': 3, 'min_child_weight': 10, 'n_estimators': 400, 'subsample': 0.7}",-0.18220244348049164,-0.18461233377456665,-0.1824168562889099,-0.18307721118132272,0.0010890192056217064,227
2.0337274074554443,0.043081358979556006,0.1150962511698405,0.0159022423868486,0.8,0.05,3,20,400,0.7,"{'colsample_bytree': 0.8, 'learning_rate': 0.05, 'max_depth': 3, 'min_child_weight': 20, 'n_estimators': 400, 'subsample': 0.7}",-0.18227927386760712,-0.18458527326583862,-0.1823917031288147,-0.18308541675408682,0.0010615514594457657,228
6.360335032145183,0.06692089645595516,0.3717634677886963,0.0322477254258669,0.8,0.01,4,20,1000,0.8,"{'colsample_bytree': 0.8, 'learning_rate': 0.01, 'max_depth': 4, 'min_child_weight': 20, 'n_estimators': 1000, 'subsample': 0.8}",-0.1821906566619873,-0.18475137650966644,-0.1825382560491562,-0.18316009640693665,0.0011341180442669572,229
6.161612828572591,0.5159232301043861,0.3577432632446289,0.02966972206047849,0.8,0.01,4,10,1000,0.8,"{'colsample_bytree': 0.8, 'learning_rate': 0.01, 'max_depth': 4, 'min_child_weight': 10, 'n_estimators': 1000, 'subsample': 0.8}",-0.18219123780727386,-0.1847875565290451,-0.1825231909751892,-0.1831673284371694,0.0011536615704499785,230
6.501949389775594,0.1723494593805324,0.39026474952697754,0.048329773385225615,0.8,0.01,4,30,1000,0.8,"{'colsample_bytree': 0.8, 'learning_rate': 0.01, 'max_depth': 4, 'min_child_weight': 30, 'n_estimators': 1000, 'subsample': 0.8}",-0.18223319947719574,-0.1847563087940216,-0.18252797424793243,-0.18317249417304993,0.001126373119520782,231
3.392877737681071,0.04464594672911561,0.22668210665384927,0.009257374002389691,0.7,0.01,4,20,1000,0.8,"{'colsample_bytree': 0.7, 'learning_rate': 0.01, 'max_depth': 4, 'min_child_weight': 20, 'n_estimators': 1000, 'subsample': 0.8}",-0.18222656846046448,-0.18478994071483612,-0.18256333470344543,-0.18319328129291534,0.0011373489226586442,232
3.4903814792633057,0.04741201519240935,0.2270206610361735,0.004037468313183141,0.7,0.01,4,10,1000,0.8,"{'colsample_bytree': 0.7, 'learning_rate': 0.01, 'max_depth': 4, 'min_child_weight': 10, 'n_estimators': 1000, 'subsample': 0.8}",-0.18219375610351562,-0.18487802147865295,-0.182597815990448,-0.18322319785753885,0.0011817069605179408,233
3.3183093865712485,0.028104262240345932,0.21934064229329428,0.00622267915608198,0.7,0.01,4,30,1000,0.8,"{'colsample_bytree': 0.7, 'learning_rate': 0.01, 'max_depth': 4, 'min_child_weight': 30, 'n_estimators': 1000, 'subsample': 0.8}",-0.18229106068611145,-0.18482613563537598,-0.18261748552322388,-0.1832448939482371,0.001126020203616944,234
6.117568731307983,0.2209015637961146,0.33848245938618976,0.011423279928956637,0.8,0.01,4,10,1000,0.7,"{'colsample_bytree': 0.8, 'learning_rate': 0.01, 'max_depth': 4, 'min_child_weight': 10, 'n_estimators': 1000, 'subsample': 0.7}",-0.18238025903701782,-0.1847742199897766,-0.18261227011680603,-0.18325558304786682,0.001078007701359615,235
6.429627577463786,0.19959976527654347,0.38468297322591144,0.059937921497079195,0.8,0.01,4,20,1000,0.7,"{'colsample_bytree': 0.8, 'learning_rate': 0.01, 'max_depth': 4, 'min_child_weight': 20, 'n_estimators': 1000, 'subsample': 0.7}",-0.18241794407367706,-0.18478034436702728,-0.18262845277786255,-0.18327558040618896,0.0010674937664182807,236
3.770717223485311,0.12798461678709766,0.22606738408406576,0.0037223577468763194,0.7,0.01,4,10,1000,0.7,"{'colsample_bytree': 0.7, 'learning_rate': 0.01, 'max_depth': 4, 'min_child_weight': 10, 'n_estimators': 1000, 'subsample': 0.7}",-0.18245626986026764,-0.18478286266326904,-0.18271924555301666,-0.1833194593588511,0.0010403367971575969,237
6.089162031809489,0.22933212024218583,0.36287633577982586,0.05624706070516638,0.8,0.01,4,30,1000,0.7,"{'colsample_bytree': 0.8, 'learning_rate': 0.01, 'max_depth': 4, 'min_child_weight': 30, 'n_estimators': 1000, 'subsample': 0.7}",-0.18248924612998962,-0.18474511802196503,-0.18273380398750305,-0.18332272271315256,0.0010107285977012353,238
3.6136961778004966,0.09508388821227146,0.22165250778198242,0.00305966443286641,0.7,0.01,4,20,1000,0.7,"{'colsample_bytree': 0.7, 'learning_rate': 0.01, 'max_depth': 4, 'min_child_weight': 20, 'n_estimators': 1000, 'subsample': 0.7}",-0.18247318267822266,-0.18477725982666016,-0.18273358047008514,-0.18332800765832266,0.001030275250624781,239
3.5389657020568848,0.020791860608526152,0.2330608367919922,0.012362228382003047,0.7,0.01,4,30,1000,0.7,"{'colsample_bytree': 0.7, 'learning_rate': 0.01, 'max_depth': 4, 'min_child_weight': 30, 'n_estimators': 1000, 'subsample': 0.7}",-0.18253937363624573,-0.18478891253471375,-0.18275685608386993,-0.18336171408494314,0.0010130798635931515,240
4.705905278523763,0.06173978942969082,0.2481060822804769,0.01757309327996059,0.8,0.01,4,10,700,0.8,"{'colsample_bytree': 0.8, 'learning_rate': 0.01, 'max_depth': 4, 'min_child_weight': 10, 'n_estimators': 700, 'subsample': 0.8}",-0.18365472555160522,-0.18612231314182281,-0.1840006560087204,-0.18459256490071616,0.0010908755600179424,241
4.819412469863892,0.25577264963408713,0.2581601142883301,0.004769565242136856,0.8,0.01,4,20,700,0.8,"{'colsample_bytree': 0.8, 'learning_rate': 0.01, 'max_depth': 4, 'min_child_weight': 20, 'n_estimators': 700, 'subsample': 0.8}",-0.18366774916648865,-0.18613900244235992,-0.18397416174411774,-0.1845936377843221,0.00109987457214193,242
2.6709235509236655,0.026914628986769044,0.15948200225830078,0.00672672586181587,0.7,0.01,4,10,700,0.8,"{'colsample_bytree': 0.7, 'learning_rate': 0.01, 'max_depth': 4, 'min_child_weight': 10, 'n_estimators': 700, 'subsample': 0.8}",-0.18362638354301453,-0.18612900376319885,-0.1840277910232544,-0.18459439277648926,0.001097437971427232,243
4.516027132670085,0.16020007740500275,0.23209452629089355,0.017429128026877207,0.8,0.01,4,30,700,0.8,"{'colsample_bytree': 0.8, 'learning_rate': 0.01, 'max_depth': 4, 'min_child_weight': 30, 'n_estimators': 700, 'subsample': 0.8}",-0.18369300663471222,-0.18614929914474487,-0.18399474024772644,-0.18461234867572784,0.001093746878537078,244
2.8724492390950522,0.05227402131562901,0.16200995445251465,0.0030723533266926867,0.7,0.01,4,10,700,0.7,"{'colsample_bytree': 0.7, 'learning_rate': 0.01, 'max_depth': 4, 'min_child_weight': 10, 'n_estimators': 700, 'subsample': 0.7}",-0.18377035856246948,-0.1860572248697281,-0.18402594327926636,-0.18461784223715463,0.0010231316823298233,245
3.022260904312134,0.7617265989156533,0.15692655245463052,0.008448729227061448,0.7,0.01,4,20,700,0.8,"{'colsample_bytree': 0.7, 'learning_rate': 0.01, 'max_depth': 4, 'min_child_weight': 20, 'n_estimators': 700, 'subsample': 0.8}",-0.1837134063243866,-0.18612372875213623,-0.18403001129627228,-0.18462238212426504,0.0010694518688938556,246
4.638512293497722,0.32330824047628726,0.2340097427368164,0.001175085483162122,0.8,0.01,4,10,700,0.7,"{'colsample_bytree': 0.8, 'learning_rate': 0.01, 'max_depth': 4, 'min_child_weight': 10, 'n_estimators': 700, 'subsample': 0.7}",-0.18376320600509644,-0.18614433705806732,-0.18396598100662231,-0.18462450802326202,0.0010778650647116758,247
2.253242254257202,0.12022264395071401,0.11561918258666992,0.0010294868417013272,0.8,0.03,3,10,400,0.8,"{'colsample_bytree': 0.8, 'learning_rate': 0.03, 'max_depth': 3, 'min_child_weight': 10, 'n_estimators': 400, 'subsample': 0.8}",-0.1837751567363739,-0.1862143576145172,-0.18390792608261108,-0.18463248014450073,0.0011198687936344346,248
4.584279219309489,0.19445836557414817,0.2338376839955648,0.010185548264758006,0.8,0.01,4,20,700,0.7,"{'colsample_bytree': 0.8, 'learning_rate': 0.01, 'max_depth': 4, 'min_child_weight': 20, 'n_estimators': 700, 'subsample': 0.7}",-0.1837485134601593,-0.18617920577526093,-0.18400366604328156,-0.1846437950929006,0.0010906848560417297,249
2.6529347896575928,0.04619244015007406,0.15826781590779623,0.003253691732562744,0.7,0.01,4,20,700,0.7,"{'colsample_bytree': 0.7, 'learning_rate': 0.01, 'max_depth': 4, 'min_child_weight': 20, 'n_estimators': 700, 'subsample': 0.7}",-0.18379122018814087,-0.18610304594039917,-0.18410861492156982,-0.18466762701670328,0.0010232319610203391,250
2.515299399693807,0.028884357628891577,0.15924469629923502,0.004956014469851078,0.7,0.01,4,30,700,0.8,"{'colsample_bytree': 0.7, 'learning_rate': 0.01, 'max_depth': 4, 'min_child_weight': 30, 'n_estimators': 700, 'subsample': 0.8}",-0.1837589144706726,-0.18614016473293304,-0.18412566184997559,-0.18467491368452707,0.0010468512744407985,251
4.6729973157246905,0.06662158207435709,0.2349530061086019,0.01337547277366674,0.8,0.01,4,30,700,0.7,"{'colsample_bytree': 0.8, 'learning_rate': 0.01, 'max_depth': 4, 'min_child_weight': 30, 'n_estimators': 700, 'subsample': 0.7}",-0.1838335543870926,-0.18613146245479584,-0.18406683206558228,-0.1846772829691569,0.0010326609967006679,252
2.637136459350586,0.012235197759852294,0.15987006823221842,0.003558458649514398,0.7,0.01,4,30,700,0.7,"{'colsample_bytree': 0.7, 'learning_rate': 0.01, 'max_depth': 4, 'min_child_weight': 30, 'n_estimators': 700, 'subsample': 0.7}",-0.18387679755687714,-0.18607445061206818,-0.18411341309547424,-0.18468822042147318,0.0009849610260526957,253
2.4959389368693032,0.08680488312433299,0.12648510932922363,0.0015624945619398159,0.8,0.03,3,20,400,0.8,"{'colsample_bytree': 0.8, 'learning_rate': 0.03, 'max_depth': 3, 'min_child_weight': 20, 'n_estimators': 400, 'subsample': 0.8}",-0.18381810188293457,-0.1863078474998474,-0.18397560715675354,-0.18470051884651184,0.0011383704809054486,254
2.1644934018452964,0.045088141873568736,0.1196433703104655,0.005755776491404405,0.8,0.03,3,30,400,0.8,"{'colsample_bytree': 0.8, 'learning_rate': 0.03, 'max_depth': 3, 'min_child_weight': 30, 'n_estimators': 400, 'subsample': 0.8}",-0.18383067846298218,-0.1862538754940033,-0.18404081463813782,-0.18470845619837442,0.0010961386477095479,255
2.279797633488973,0.13469623276998968,0.15481154123942056,0.04186058575034184,0.7,0.03,3,20,400,0.8,"{'colsample_bytree': 0.7, 'learning_rate': 0.03, 'max_depth': 3, 'min_child_weight': 20, 'n_estimators': 400, 'subsample': 0.8}",-0.1838802844285965,-0.18629419803619385,-0.1839759200811386,-0.18471680084864298,0.0011160713716662023,256
2.756154934565226,0.25389026042463014,0.14522171020507812,0.021146413277693,0.7,0.03,3,30,400,0.8,"{'colsample_bytree': 0.7, 'learning_rate': 0.03, 'max_depth': 3, 'min_child_weight': 30, 'n_estimators': 400, 'subsample': 0.8}",-0.18385809659957886,-0.1862889677286148,-0.18406708538532257,-0.1847380499045054,0.001099978378877459,257
1.5018236637115479,0.018725178569539196,0.08250991503397624,0.0023311575137810224,0.7,0.03,3,10,400,0.8,"{'colsample_bytree': 0.7, 'learning_rate': 0.03, 'max_depth': 3, 'min_child_weight': 10, 'n_estimators': 400, 'subsample': 0.8}",-0.18393252789974213,-0.18637047708034515,-0.1840667426586151,-0.18478991587956747,0.0011189678822997832,258
1.6935946941375732,0.05929637399763063,0.086669127146403,0.0022779753626062356,0.7,0.03,3,10,400,0.7,"{'colsample_bytree': 0.7, 'learning_rate': 0.03, 'max_depth': 3, 'min_child_weight': 10, 'n_estimators': 400, 'subsample': 0.7}",-0.18396927416324615,-0.18639612197875977,-0.18411192297935486,-0.18482577304045358,0.0011119304571221458,259
2.664606253306071,0.10925023250315868,0.1291337013244629,0.010385694363912927,0.8,0.03,3,30,400,0.7,"{'colsample_bytree': 0.8, 'learning_rate': 0.03, 'max_depth': 3, 'min_child_weight': 30, 'n_estimators': 400, 'subsample': 0.7}",-0.183848574757576,-0.1863766461610794,-0.1842537373304367,-0.18482631941636404,0.0011086550227329818,260
2.5552612940470376,0.14954285641047577,0.1278987725575765,0.012887322163134481,0.8,0.03,3,20,400,0.7,"{'colsample_bytree': 0.8, 'learning_rate': 0.03, 'max_depth': 3, 'min_child_weight': 20, 'n_estimators': 400, 'subsample': 0.7}",-0.1838904172182083,-0.1863674372434616,-0.1842350959777832,-0.18483098347981772,0.0010955115966789677,261
2.5489561557769775,0.16258593385331854,0.12247999509175618,0.006007385017265729,0.7,0.03,3,20,400,0.7,"{'colsample_bytree': 0.7, 'learning_rate': 0.03, 'max_depth': 3, 'min_child_weight': 20, 'n_estimators': 400, 'subsample': 0.7}",-0.1839890331029892,-0.18641126155853271,-0.18410462141036987,-0.18483497202396393,0.0011156034799736849,262
2.4632054964701333,0.04458753347695595,0.13091381390889487,0.018303444908479852,0.7,0.03,3,30,400,0.7,"{'colsample_bytree': 0.7, 'learning_rate': 0.03, 'max_depth': 3, 'min_child_weight': 30, 'n_estimators': 400, 'subsample': 0.7}",-0.18399980664253235,-0.1864062249660492,-0.18410788476467133,-0.18483797212441763,0.0011097996670827264,263
2.4297751585642495,0.018682848737561777,0.11405022939046223,0.007667060757935149,0.8,0.03,3,10,400,0.7,"{'colsample_bytree': 0.8, 'learning_rate': 0.03, 'max_depth': 3, 'min_child_weight': 10, 'n_estimators': 400, 'subsample': 0.7}",-0.18399012088775635,-0.1863328367471695,-0.18422724306583405,-0.1848500669002533,0.001052936068343181,264
3.397032896677653,0.17301763449234953,0.18702340126037598,0.04845551293573026,0.8,0.01,5,10,400,0.8,"{'colsample_bytree': 0.8, 'learning_rate': 0.01, 'max_depth': 5, 'min_child_weight': 10, 'n_estimators': 400, 'subsample': 0.8}",-0.18426422774791718,-0.18651755154132843,-0.18474921584129333,-0.1851769983768463,0.000968371641048836,265
3.5451316833496094,0.15873138674689072,0.1959071159362793,0.0033986027969858243,0.8,0.01,5,10,400,0.7,"{'colsample_bytree': 0.8, 'learning_rate': 0.01, 'max_depth': 5, 'min_child_weight': 10, 'n_estimators': 400, 'subsample': 0.7}",-0.18420426547527313,-0.18653631210327148,-0.18482300639152527,-0.18518786132335663,0.0009863906290954142,266
3.6177071730295816,0.1266061920714791,0.1672375202178955,0.008374017363627374,0.8,0.01,5,20,400,0.7,"{'colsample_bytree': 0.8, 'learning_rate': 0.01, 'max_depth': 5, 'min_child_weight': 20, 'n_estimators': 400, 'subsample': 0.7}",-0.18424077332019806,-0.18658103048801422,-0.18481776118278503,-0.18521318833033243,0.0009954807463873384,267
3.178332964579264,0.034153248459679035,0.1651612917582194,0.011392210928923481,0.8,0.01,5,20,400,0.8,"{'colsample_bytree': 0.8, 'learning_rate': 0.01, 'max_depth': 5, 'min_child_weight': 20, 'n_estimators': 400, 'subsample': 0.8}",-0.18430621922016144,-0.18657240271568298,-0.18480198085308075,-0.18522686759630838,0.000972725883714251,268
1.8726647694905598,0.03634653359826707,0.11246061325073242,0.007881119746194388,0.7,0.01,5,10,400,0.8,"{'colsample_bytree': 0.7, 'learning_rate': 0.01, 'max_depth': 5, 'min_child_weight': 10, 'n_estimators': 400, 'subsample': 0.8}",-0.18436762690544128,-0.18658415973186493,-0.18478001654148102,-0.18524393439292908,0.0009625207434379568,269
1.9278247356414795,0.04124420118229311,0.11116949717203777,0.009537177404478061,0.7,0.01,5,10,400,0.7,"{'colsample_bytree': 0.7, 'learning_rate': 0.01, 'max_depth': 5, 'min_child_weight': 10, 'n_estimators': 400, 'subsample': 0.7}",-0.18433889746665955,-0.18655213713645935,-0.1848536878824234,-0.1852482408285141,0.0009456431601280772,270
3.0772380034128823,0.06321132090330012,0.161880095799764,0.0065880518838913205,0.8,0.01,5,30,400,0.8,"{'colsample_bytree': 0.8, 'learning_rate': 0.01, 'max_depth': 5, 'min_child_weight': 30, 'n_estimators': 400, 'subsample': 0.8}",-0.18435385823249817,-0.18665283918380737,-0.18487566709518433,-0.18529412150382996,0.0009840922797877802,271
242.47732679049173,336.50136420859303,0.11890236536661784,0.01743058275577761,0.7,0.01,5,20,400,0.7,"{'colsample_bytree': 0.7, 'learning_rate': 0.01, 'max_depth': 5, 'min_child_weight': 20, 'n_estimators': 400, 'subsample': 0.7}",-0.18436299264431,-0.18662656843662262,-0.18492788076400757,-0.18530581394831339,0.0009619663752736147,272
3.658332268397013,0.31043565727345,0.18407225608825684,0.01686568038079404,0.8,0.01,5,30,400,0.7,"{'colsample_bytree': 0.8, 'learning_rate': 0.01, 'max_depth': 5, 'min_child_weight': 30, 'n_estimators': 400, 'subsample': 0.7}",-0.1843395233154297,-0.18669140338897705,-0.18490903079509735,-0.18531331916650137,0.0010018056316893243,273
4.5949539343516035,0.14216986939979293,0.11548097928365071,0.007103053768570504,0.7,0.01,5,20,400,0.8,"{'colsample_bytree': 0.7, 'learning_rate': 0.01, 'max_depth': 5, 'min_child_weight': 20, 'n_estimators': 400, 'subsample': 0.8}",-0.1844448447227478,-0.18666209280490875,-0.1848614662885666,-0.18532280127207437,0.0009621745301547266,274
2.162165403366089,0.022458091355638157,0.11365254720052083,0.0024077205755929044,0.7,0.01,5,30,400,0.8,"{'colsample_bytree': 0.7, 'learning_rate': 0.01, 'max_depth': 5, 'min_child_weight': 30, 'n_estimators': 400, 'subsample': 0.8}",-0.18449828028678894,-0.18667751550674438,-0.18492065370082855,-0.1853654831647873,0.0009436353373974958,275
2.35078501701355,0.00985300792002047,0.11952956517537434,0.005269445050455008,0.7,0.01,5,30,400,0.7,"{'colsample_bytree': 0.7, 'learning_rate': 0.01, 'max_depth': 5, 'min_child_weight': 30, 'n_estimators': 400, 'subsample': 0.7}",-0.18446096777915955,-0.18668979406356812,-0.18500471115112305,-0.1853851576646169,0.0009488488863670021,276
5.809245506922404,0.102674002134571,0.30771319071451825,0.016819178365792376,0.8,0.01,3,30,1000,0.7,"{'colsample_bytree': 0.8, 'learning_rate': 0.01, 'max_depth': 3, 'min_child_weight': 30, 'n_estimators': 1000, 'subsample': 0.7}",-0.18447056412696838,-0.18694257736206055,-0.184952050447464,-0.18545506397883096,0.0010700402852763437,277
5.548327445983887,0.21528452377075924,0.2848692735036214,0.011447725530965258,0.8,0.01,3,10,1000,0.7,"{'colsample_bytree': 0.8, 'learning_rate': 0.01, 'max_depth': 3, 'min_child_weight': 10, 'n_estimators': 1000, 'subsample': 0.7}",-0.18451179563999176,-0.18697857856750488,-0.18496423959732056,-0.1854848712682724,0.0010722398691418926,278
5.959427833557129,0.06593235377121813,0.33255497614542645,0.06266309677974406,0.8,0.01,3,20,1000,0.7,"{'colsample_bytree': 0.8, 'learning_rate': 0.01, 'max_depth': 3, 'min_child_weight': 20, 'n_estimators': 1000, 'subsample': 0.7}",-0.18450848758220673,-0.18699422478675842,-0.18495285511016846,-0.1854851891597112,0.001082360697041442,279
5.013063430786133,0.2161115072479898,0.26438530286153156,0.010818483829591437,0.8,0.01,3,30,1000,0.8,"{'colsample_bytree': 0.8, 'learning_rate': 0.01, 'max_depth': 3, 'min_child_weight': 30, 'n_estimators': 1000, 'subsample': 0.8}",-0.1844305843114853,-0.18705007433891296,-0.18500524759292603,-0.1854953020811081,0.0011241432447242653,280
3.24764092763265,0.032397626028553006,0.19452619552612305,0.018942002158502114,0.7,0.01,3,30,1000,0.7,"{'colsample_bytree': 0.7, 'learning_rate': 0.01, 'max_depth': 3, 'min_child_weight': 30, 'n_estimators': 1000, 'subsample': 0.7}",-0.1845082938671112,-0.18695218861103058,-0.18505604565143585,-0.18550550937652588,0.001047113050237982,281
5.765787680943807,0.24612681304376213,0.3174300193786621,0.03509273533899194,0.8,0.01,3,20,1000,0.8,"{'colsample_bytree': 0.8, 'learning_rate': 0.01, 'max_depth': 3, 'min_child_weight': 20, 'n_estimators': 1000, 'subsample': 0.8}",-0.18445008993148804,-0.1870972216129303,-0.18497313559055328,-0.1855068157116572,0.0011446796898317466,282
5.599797487258911,0.3388351515397932,0.31470171610514325,0.026162506548309202,0.8,0.01,3,10,1000,0.8,"{'colsample_bytree': 0.8, 'learning_rate': 0.01, 'max_depth': 3, 'min_child_weight': 10, 'n_estimators': 1000, 'subsample': 0.8}",-0.18445086479187012,-0.18711911141872406,-0.18497002124786377,-0.18551333248615265,0.0011550686391343756,283
3.054262320200602,0.03315842462955985,0.17054319381713867,0.0024838279592466353,0.7,0.01,3,20,1000,0.7,"{'colsample_bytree': 0.7, 'learning_rate': 0.01, 'max_depth': 3, 'min_child_weight': 20, 'n_estimators': 1000, 'subsample': 0.7}",-0.18455086648464203,-0.1869671791791916,-0.18502576649188995,-0.18551460405190787,0.0010452634052472239,284
3.102830251057943,0.022172962470124458,0.18394891421000162,0.008820032674960714,0.7,0.01,3,10,1000,0.7,"{'colsample_bytree': 0.7, 'learning_rate': 0.01, 'max_depth': 3, 'min_child_weight': 10, 'n_estimators': 1000, 'subsample': 0.7}",-0.18454483151435852,-0.18696558475494385,-0.18504482507705688,-0.18551841378211975,0.0010434641853376131,285
2.9110916455586753,0.020534938313639704,0.17344268163045248,0.007192966811690332,0.7,0.01,3,20,1000,0.8,"{'colsample_bytree': 0.7, 'learning_rate': 0.01, 'max_depth': 3, 'min_child_weight': 20, 'n_estimators': 1000, 'subsample': 0.8}",-0.18455757200717926,-0.18706637620925903,-0.18496525287628174,-0.18552973369757333,0.0010992432485723428,286
3.198425531387329,0.20327293347841324,0.18128697077433267,0.0013301480053656259,0.7,0.01,3,30,1000,0.8,"{'colsample_bytree': 0.7, 'learning_rate': 0.01, 'max_depth': 3, 'min_child_weight': 30, 'n_estimators': 1000, 'subsample': 0.8}",-0.1845548450946808,-0.18705947697162628,-0.18499629199504852,-0.1855368713537852,0.0010916240934412036,287
3.005255381266276,0.03460971104720699,0.1702104409535726,0.006095389922439184,0.7,0.01,3,10,1000,0.8,"{'colsample_bytree': 0.7, 'learning_rate': 0.01, 'max_depth': 3, 'min_child_weight': 10, 'n_estimators': 1000, 'subsample': 0.8}",-0.1845759004354477,-0.18705371022224426,-0.18498246371746063,-0.18553735812505087,0.0010849934523819026,288
3.2435619036356607,0.219223620581044,0.14704036712646484,0.002889084455692661,0.8,0.01,4,10,400,0.7,"{'colsample_bytree': 0.8, 'learning_rate': 0.01, 'max_depth': 4, 'min_child_weight': 10, 'n_estimators': 400, 'subsample': 0.7}",-0.1856951266527176,-0.18794022500514984,-0.18621820211410522,-0.18661785125732422,0.0009591337172262128,289
3.0663477579752603,0.24780353332111876,0.14311758677164713,0.007504277394088139,0.8,0.01,4,10,400,0.8,"{'colsample_bytree': 0.8, 'learning_rate': 0.01, 'max_depth': 4, 'min_child_weight': 10, 'n_estimators': 400, 'subsample': 0.8}",-0.185719296336174,-0.18793173134326935,-0.18624433875083923,-0.1866317888100942,0.0009438592149495397,290
3.1884988943735757,0.27018729818249715,0.1455848217010498,0.012307764407668372,0.8,0.01,4,20,400,0.7,"{'colsample_bytree': 0.8, 'learning_rate': 0.01, 'max_depth': 4, 'min_child_weight': 20, 'n_estimators': 400, 'subsample': 0.7}",-0.18569888174533844,-0.1879551261663437,-0.1862429827451706,-0.1866323302189509,0.0009613716982637057,291
3.1238293647766113,0.1803283317014221,0.15166831016540527,0.012572589450568347,0.8,0.01,4,20,400,0.8,"{'colsample_bytree': 0.8, 'learning_rate': 0.01, 'max_depth': 4, 'min_child_weight': 20, 'n_estimators': 400, 'subsample': 0.8}",-0.18571197986602783,-0.18795238435268402,-0.18623661994934082,-0.1866336613893509,0.0009567599820126426,292
3.9134604136149087,0.16287889071128983,0.18779619534810385,0.005814941766930565,0.8,0.01,3,10,700,0.7,"{'colsample_bytree': 0.8, 'learning_rate': 0.01, 'max_depth': 3, 'min_child_weight': 10, 'n_estimators': 700, 'subsample': 0.7}",-0.18578796088695526,-0.1879754662513733,-0.18620677292346954,-0.1866567333539327,0.000948030668131348,293
1.8444470564524333,0.035902748079617776,0.08709716796875,0.0021613975905742295,0.7,0.01,4,10,400,0.7,"{'colsample_bytree': 0.7, 'learning_rate': 0.01, 'max_depth': 4, 'min_child_weight': 10, 'n_estimators': 400, 'subsample': 0.7}",-0.18576571345329285,-0.18792515993118286,-0.1862802803516388,-0.1866570512453715,0.0009209667031588797,294
3.16221817334493,0.1877737141894392,0.16476051012674967,0.02054700522603684,0.8,0.01,4,30,400,0.8,"{'colsample_bytree': 0.8, 'learning_rate': 0.01, 'max_depth': 4, 'min_child_weight': 30, 'n_estimators': 400, 'subsample': 0.8}",-0.1857421100139618,-0.18795618414878845,-0.18628601729869843,-0.18666143715381622,0.0009420672726649646,295
2.983148733774821,0.051660815089947694,0.13363265991210938,0.004257677281143281,0.8,0.01,4,30,400,0.7,"{'colsample_bytree': 0.8, 'learning_rate': 0.01, 'max_depth': 4, 'min_child_weight': 30, 'n_estimators': 400, 'subsample': 0.7}",-0.18577256798744202,-0.18794041872024536,-0.18628138303756714,-0.18666478991508484,0.0009256150478555342,296
1.6400771935780842,0.011333299263637095,0.09603532155354817,0.005851993986343051,0.7,0.01,4,20,400,0.8,"{'colsample_bytree': 0.7, 'learning_rate': 0.01, 'max_depth': 4, 'min_child_weight': 20, 'n_estimators': 400, 'subsample': 0.8}",-0.18581518530845642,-0.18790341913700104,-0.1862909346818924,-0.1866698463757833,0.0008936295595286204,297
3.1101571718851724,1.1241071686325117,0.12135871251424153,0.006433154702282514,0.7,0.01,3,10,700,0.7,"{'colsample_bytree': 0.7, 'learning_rate': 0.01, 'max_depth': 3, 'min_child_weight': 10, 'n_estimators': 700, 'subsample': 0.7}",-0.18584546446800232,-0.18795429170131683,-0.18621911108493805,-0.18667295575141907,0.000918792436103747,298
1.747107982635498,0.024366437703669183,0.09572275479634602,0.007727341555611697,0.7,0.01,4,10,400,0.8,"{'colsample_bytree': 0.7, 'learning_rate': 0.01, 'max_depth': 4, 'min_child_weight': 10, 'n_estimators': 400, 'subsample': 0.8}",-0.18579724431037903,-0.18795813620090485,-0.1862800270318985,-0.1866784691810608,0.0009260779485935514,299
4.4085014661153155,0.1988897153919438,0.2058695157368978,0.02387076784088564,0.8,0.01,3,30,700,0.7,"{'colsample_bytree': 0.8, 'learning_rate': 0.01, 'max_depth': 3, 'min_child_weight': 30, 'n_estimators': 700, 'subsample': 0.7}",-0.18579328060150146,-0.18800419569015503,-0.1862393468618393,-0.18667894105116525,0.0009546268628023782,300
1.93058975537618,0.2360114603353409,0.0877092679341634,0.00208541027613235,0.7,0.01,4,20,400,0.7,"{'colsample_bytree': 0.7, 'learning_rate': 0.01, 'max_depth': 4, 'min_child_weight': 20, 'n_estimators': 400, 'subsample': 0.7}",-0.1857643723487854,-0.18795986473560333,-0.18631283938884735,-0.1866790254910787,0.0009329579844931972,301
2.335629383722941,0.035445210666601765,0.12472105026245117,0.0005089587252819933,0.7,0.01,3,20,700,0.7,"{'colsample_bytree': 0.7, 'learning_rate': 0.01, 'max_depth': 3, 'min_child_weight': 20, 'n_estimators': 700, 'subsample': 0.7}",-0.18585145473480225,-0.18798191845417023,-0.18620611727237701,-0.18667983015378317,0.0009320306988482728,302
4.408446311950684,0.23975271775297688,0.21819527943929037,0.019472408457152673,0.8,0.01,3,20,700,0.7,"{'colsample_bytree': 0.8, 'learning_rate': 0.01, 'max_depth': 3, 'min_child_weight': 20, 'n_estimators': 700, 'subsample': 0.7}",-0.18581826984882355,-0.1879996359348297,-0.18623234331607819,-0.18668341636657715,0.0009459350481434734,303
2.3273173173268638,0.0768987278239453,0.12098129590352376,0.0035309439024223156,0.7,0.01,3,30,700,0.7,"{'colsample_bytree': 0.7, 'learning_rate': 0.01, 'max_depth': 3, 'min_child_weight': 30, 'n_estimators': 700, 'subsample': 0.7}",-0.18582411110401154,-0.18798165023326874,-0.18625350296497345,-0.18668642143408457,0.0009324904196977474,304
3.7935940424601235,0.16507297651736327,0.18406319618225098,0.00898582772181008,0.8,0.01,3,10,700,0.8,"{'colsample_bytree': 0.8, 'learning_rate': 0.01, 'max_depth': 3, 'min_child_weight': 10, 'n_estimators': 700, 'subsample': 0.8}",-0.1856887936592102,-0.1880946159362793,-0.18632745742797852,-0.186703622341156,0.0010175526976164753,305
2.470252752304077,1.0701159731445729,0.09435129165649414,0.0019478587605069838,0.7,0.01,4,30,400,0.7,"{'colsample_bytree': 0.7, 'learning_rate': 0.01, 'max_depth': 4, 'min_child_weight': 30, 'n_estimators': 400, 'subsample': 0.7}",-0.1858035773038864,-0.18799787759780884,-0.18631337583065033,-0.18670494357744852,0.0009376326289211827,306
4.10484512646993,0.1161973571980835,0.2086013158162435,0.002413461869836868,0.8,0.01,3,20,700,0.8,"{'colsample_bytree': 0.8, 'learning_rate': 0.01, 'max_depth': 3, 'min_child_weight': 20, 'n_estimators': 700, 'subsample': 0.8}",-0.18568147718906403,-0.18808628618717194,-0.18635521829128265,-0.18670766055583954,0.0010128962571852005,307
2.1583224137624106,0.04624665866836403,0.11924322446187337,0.0033720680374844545,0.7,0.01,3,20,700,0.8,"{'colsample_bytree': 0.7, 'learning_rate': 0.01, 'max_depth': 3, 'min_child_weight': 20, 'n_estimators': 700, 'subsample': 0.8}",-0.18574167788028717,-0.18799801170825958,-0.18639029562473297,-0.18670999507109323,0.0009484782154642798,308
1.6230768362681072,0.009404566573937484,0.0910177230834961,0.008577302375395222,0.7,0.01,4,30,400,0.8,"{'colsample_bytree': 0.7, 'learning_rate': 0.01, 'max_depth': 4, 'min_child_weight': 30, 'n_estimators': 400, 'subsample': 0.8}",-0.1858682632446289,-0.18796572089195251,-0.18630829453468323,-0.18671409289042154,0.0009030822682048466,309
2.169731696446737,0.04551140437044708,0.11942656834920247,0.003039077104932136,0.7,0.01,3,30,700,0.8,"{'colsample_bytree': 0.7, 'learning_rate': 0.01, 'max_depth': 3, 'min_child_weight': 30, 'n_estimators': 700, 'subsample': 0.8}",-0.18573333323001862,-0.18802493810653687,-0.18639138340950012,-0.18671655158201853,0.0009633843064373907,310
3.781317631403605,0.3096071321320346,0.2021322250366211,0.03238649284848253,0.8,0.01,3,30,700,0.8,"{'colsample_bytree': 0.8, 'learning_rate': 0.01, 'max_depth': 3, 'min_child_weight': 30, 'n_estimators': 700, 'subsample': 0.8}",-0.18569990992546082,-0.18809069693088531,-0.186373770236969,-0.18672145903110504,0.0010065224784714599,311
2.1779228846232095,0.024448682629017084,0.12689471244812012,0.012601605057243321,0.7,0.01,3,10,700,0.8,"{'colsample_bytree': 0.7, 'learning_rate': 0.01, 'max_depth': 3, 'min_child_weight': 10, 'n_estimators': 700, 'subsample': 0.8}",-0.18574868142604828,-0.18803925812244415,-0.18640369176864624,-0.18673054377237955,0.0009632616725744264,312
2.70192019144694,0.26056632138373986,0.1124577522277832,0.011897731034467377,0.8,0.01,3,30,400,0.7,"{'colsample_bytree': 0.8, 'learning_rate': 0.01, 'max_depth': 3, 'min_child_weight': 30, 'n_estimators': 400, 'subsample': 0.7}",-0.18751183152198792,-0.1896430253982544,-0.18805494904518127,-0.1884032686551412,0.0009042461860838963,313
2.676216999689738,0.0795464785467465,0.1420865853627523,0.029959111169561917,0.8,0.01,3,10,400,0.7,"{'colsample_bytree': 0.8, 'learning_rate': 0.01, 'max_depth': 3, 'min_child_weight': 10, 'n_estimators': 400, 'subsample': 0.7}",-0.18751493096351624,-0.1896522343158722,-0.18804830312728882,-0.18840515613555908,0.0009083040816568189,314
3.0040413538614907,0.22077445741645776,0.13950673739115396,0.02284502080934284,0.8,0.01,3,20,400,0.7,"{'colsample_bytree': 0.8, 'learning_rate': 0.01, 'max_depth': 3, 'min_child_weight': 20, 'n_estimators': 400, 'subsample': 0.7}",-0.18752871453762054,-0.18966183066368103,-0.1880580335855484,-0.18841619292894998,0.0009069195805083704,315
2.704350233078003,0.038605101297360424,0.1198424498240153,0.005891075545684675,0.8,0.01,3,20,400,0.8,"{'colsample_bytree': 0.8, 'learning_rate': 0.01, 'max_depth': 3, 'min_child_weight': 20, 'n_estimators': 400, 'subsample': 0.8}",-0.18753236532211304,-0.18968693912029266,-0.18811844289302826,-0.188445915778478,0.0009095698364168721,316
2.6574065685272217,0.1440492746935421,0.11489446957906087,0.0029004124407816835,0.8,0.01,3,10,400,0.8,"{'colsample_bytree': 0.8, 'learning_rate': 0.01, 'max_depth': 3, 'min_child_weight': 10, 'n_estimators': 400, 'subsample': 0.8}",-0.18755289912223816,-0.18968601524829865,-0.18811434507369995,-0.18845108648141226,0.0009028075407918236,317
1.5574121475219727,0.11638943620075921,0.07819644610087077,0.006481641055317618,0.7,0.01,3,10,400,0.7,"{'colsample_bytree': 0.7, 'learning_rate': 0.01, 'max_depth': 3, 'min_child_weight': 10, 'n_estimators': 400, 'subsample': 0.7}",-0.18755652010440826,-0.18971480429172516,-0.18810918927192688,-0.18846017122268677,0.0009154011527284815,318
2.3330067793528237,0.09722966709614976,0.11209249496459961,0.0037075867615342074,0.8,0.01,3,30,400,0.8,"{'colsample_bytree': 0.8, 'learning_rate': 0.01, 'max_depth': 3, 'min_child_weight': 30, 'n_estimators': 400, 'subsample': 0.8}",-0.18756048381328583,-0.18968704342842102,-0.18815237283706665,-0.18846663335959116,0.0008961524074970066,319
1.4660305976867676,0.04826195877721102,0.06935755411783855,0.002684863622994627,0.7,0.01,3,20,400,0.7,"{'colsample_bytree': 0.7, 'learning_rate': 0.01, 'max_depth': 3, 'min_child_weight': 20, 'n_estimators': 400, 'subsample': 0.7}",-0.18756787478923798,-0.18971820175647736,-0.18811941146850586,-0.1884684960047404,0.0009119106413049431,320
1.4390899340311687,0.01143294820760335,0.07831509908040364,0.0053070330970388276,0.7,0.01,3,30,400,0.7,"{'colsample_bytree': 0.7, 'learning_rate': 0.01, 'max_depth': 3, 'min_child_weight': 30, 'n_estimators': 400, 'subsample': 0.7}",-0.18757563829421997,-0.189716175198555,-0.18812520802021027,-0.1884723405043284,0.0009076894773186716,321
1.3847760359446208,0.014580152579927157,0.07433541615804036,0.003966100935785952,0.7,0.01,3,10,400,0.8,"{'colsample_bytree': 0.7, 'learning_rate': 0.01, 'max_depth': 3, 'min_child_weight': 10, 'n_estimators': 400, 'subsample': 0.8}",-0.18764324486255646,-0.18970553576946259,-0.1882227510213852,-0.18852384388446808,0.0008684290914544153,322
1.394993543624878,0.015684907599358762,0.07165265083312988,0.00227922552730069,0.7,0.01,3,20,400,0.8,"{'colsample_bytree': 0.7, 'learning_rate': 0.01, 'max_depth': 3, 'min_child_weight': 20, 'n_estimators': 400, 'subsample': 0.8}",-0.1876440793275833,-0.1897059828042984,-0.1882467269897461,-0.1885322630405426,0.00086564412012127,323
1.3893320560455322,0.026102186691437167,0.06861249605814616,0.00032266771842398394,0.7,0.01,3,30,400,0.8,"{'colsample_bytree': 0.7, 'learning_rate': 0.01, 'max_depth': 3, 'min_child_weight': 30, 'n_estimators': 400, 'subsample': 0.8}",-0.18764913082122803,-0.1897384226322174,-0.18824845552444458,-0.18854533632596335,0.0008784033718816718,324
